#,2017-03-11
#,14:01:07
##,## 
#0,0.0432,0.172,67.8,0,.00381,.1,1,1,.244,.00381,.244,.244,.00381,.00381,0,0,0,.
408
seconds,CO,CO2,PMred,flow,fluetemp,ThermoCo,PMgreen,FlowGrav,COtemp,gastemp,rlas
temp,rboxtemp,glastemp,gboxtemp,gasboxRH,PMredRH,PMgrenRH,chiptemp
1.00,-7,4307,147,29781,6217,212,5742,52772,100,6876,93,95,4433,6433,380,395,386,
734
4.00,-22,4308,148,29776,6219,212,7871,52809,100,6877,94,95,8399,6433,379,395,386
,734
7.00,-7,4309,145,29362,6220,212,4943,52837,100,6880,94,96,4839,6434,379,395,385,
734
10.00,-16,4310,147,28953,6222,212,7892,52861,100,6883,94,96,8816,6434,379,398,38
5,734
13.00,-17,4257,145,29542,6222,213,5139,52882,101,6884,94,94,5036,6434,380,397,38
6,734
16.00,-5,4258,146,29788,6223,213,7896,52900,101,6885,94,96,9231,6433,379,397,385
,734
19.00,-19,4258,148,29778,6223,213,5319,52914,100,6887,94,95,5249,6437,380,395,38
4,734
22.00,-9,4258,147,29964,6224,213,7900,52929,100,6887,93,96,9634,6434,379,395,384
,734
25.00,-11,4336,146,29781,6219,213,5503,52940,101,6892,93,95,5484,6436,379,395,38
5,734
28.00,-16,4283,147,29810,6220,213,7900,52949,100,6891,93,96,10058,6436,378,395,3
85,734
31.00,-13,4206,147,29277,6216,213,5690,52958,100,6894,94,95,5690,6437,379,395,38
4,734
34.00,-9,4207,147,29783,6214,213,7887,52963,100,6895,95,96,10396,6438,379,395,38
5,734
37.00,-10,4205,147,29780,6215,213,5856,52970,101,6897,93,96,5855,6438,378,395,38
4,734
40.00,-19,4131,146,29851,6211,213,7819,52973,99,6899,94,95,10689,6437,378,395,38
3,734
43.00,-4,4205,148,29553,6210,213,5996,52977,101,6898,94,95,5943,6436,378,396,384
,735
46.00,-21,4129,146,29787,6206,213,7762,52982,101,6900,95,96,10852,6437,379,394,3
83,734
49.00,-14,4132,147,29372,6204,213,6075,52985,101,6903,94,96,5969,6438,379,395,38
4,734
52.00,-4,4129,146,29374,6203,213,7722,52987,100,6904,95,96,10935,6439,378,395,38
5,734
55.00,-17,4130,146,29554,6200,213,6115,52988,101,6903,94,96,5973,6437,379,395,38
4,734
58.00,-7,4156,147,29971,6203,213,7722,52990,100,6904,95,95,10952,6440,378,394,38
4,735
61.00,-13,4158,148,29283,6201,213,6121,52990,100,6906,93,96,5977,6441,378,395,38
4,735
64.00,-15,4080,147,29788,6200,213,7717,52990,101,6907,95,96,10960,6440,378,393,3
84,735
67.00,-5,4156,146,29787,6197,213,6128,52992,100,6906,95,95,5979,6442,378,395,385
,734
70.00,-17,4156,146,29880,6197,213,7719,52994,101,6908,94,95,10961,6440,378,395,3
84,735
73.00,-9,4156,147,29557,6194,213,6140,52995,100,6909,95,97,5978,6442,378,396,383
,735
76.00,-16,4080,147,29378,6191,213,7720,52996,101,6911,95,95,10963,6443,377,396,3
85,734
79.00,-11,4078,147,29428,6196,213,6134,52996,100,6912,93,96,5977,6444,378,396,38
5,735
82.00,-8,4079,147,29561,6193,213,7713,52995,100,6914,95,95,10980,6444,379,395,38
4,735
85.00,-15,4078,148,29374,6197,213,6154,52996,101,6911,95,95,5978,6444,378,397,38
4,734
88.00,-6,4079,147,29789,6194,213,7710,52997,102,6911,94,95,10983,6445,377,395,38
5,735
91.00,-9,4080,146,29558,6196,213,6156,52995,101,6916,95,96,5984,6447,378,396,385
,734
94.00,-14,4082,147,30110,6197,213,7706,52997,100,6914,95,96,10991,6446,378,395,3
85,735
97.00,-5,4028,146,29469,6201,213,6156,52997,101,6917,95,95,5985,6447,377,395,386
,735
100.00,-12,4106,147,29472,6206,213,7702,52997,101,6916,94,95,11001,6448,376,394,
385,735
103.00,-9,4104,148,29468,6209,213,6160,52996,101,6918,95,95,5984,6447,377,395,38
6,734
106.00,-14,4028,147,29211,6213,213,7708,52998,101,6918,95,96,10990,6448,377,396,
387,735
109.00,-9,4029,147,29560,6220,213,6167,52999,100,6919,95,97,5983,6450,377,398,38
6,735
112.00,-20,4028,147,29792,6225,213,7696,52996,100,6920,94,95,11009,6450,377,397,
387,735
115.00,-10,4030,148,29791,6232,213,6182,52997,102,6922,94,95,5981,6451,377,398,3
87,735
118.00,-5,4029,147,30104,6237,214,7697,52997,101,6920,94,96,11010,6451,376,398,3
87,736
121.00,-16,4157,147,30293,6246,214,6177,52998,100,6923,94,95,5984,6451,377,398,3
86,734
124.00,-6,4082,146,29884,6253,213,7705,52997,100,6925,95,95,10999,6453,377,397,3
86,735
127.00,-7,4079,149,29789,6258,213,6177,52997,101,6926,95,96,5985,6453,377,396,38
7,735
130.00,-10,4079,149,30113,6266,214,7693,52998,102,6926,94,95,11019,6454,376,397,
388,735
133.00,-10,4132,149,29792,6270,214,6190,52998,101,6928,95,95,5982,6456,377,395,3
87,735
136.00,-3,4132,148,29381,6276,213,7702,52999,100,6931,95,96,11011,6455,377,396,3
87,736
139.00,-4,4131,149,29469,6284,214,6190,52998,102,6928,94,95,5978,6458,377,398,38
7,735
142.00,7,4132,148,30114,6295,232,7696,52999,101,6930,94,96,11013,6457,377,398,38
7,736
145.00,4,4260,148,29792,6305,230,6188,52997,101,6932,95,95,5983,6460,376,398,388
,735
148.00,3,4262,146,30389,6312,224,7698,52998,101,6932,95,97,11016,6459,377,398,38
6,736
151.00,6,4261,147,29883,6322,257,6199,52998,100,6932,94,95,5988,6459,377,399,388
,735
154.00,2,4262,148,29886,6327,216,7688,52999,102,6931,94,96,11036,6460,377,399,38
7,736
157.00,14,4338,147,29796,6331,222,6203,52998,102,6934,95,96,5985,6461,378,397,38
6,735
160.00,25,4261,148,30206,6337,245,7694,52998,100,6932,94,95,11019,6460,377,396,3
87,735
163.00,33,4313,147,29975,6341,230,6198,52998,102,6935,95,96,5987,6463,378,397,38
7,735
166.00,37,4316,148,29795,6345,253,7686,52997,102,6937,94,94,11036,6462,378,396,3
87,736
169.00,36,4442,147,29562,6350,230,6214,52998,101,6936,95,96,5985,6464,377,395,38
8,735
172.00,41,4444,147,29567,6351,241,7689,52999,101,6938,95,96,11033,6465,377,397,3
87,735
175.00,58,4495,148,30113,6354,235,6212,52997,101,6938,95,96,5984,6466,378,397,38
6,737
178.00,63,4545,147,29887,6355,253,7688,52999,100,6938,94,96,11031,6467,377,397,3
87,735
181.00,76,4545,146,29565,6356,305,6209,52999,100,6939,96,96,5988,6467,377,396,38
7,736
184.00,81,4596,147,30117,6357,250,7688,52998,102,6939,95,96,11040,6466,377,396,3
86,735
187.00,77,4648,147,30204,6356,277,6221,52999,101,6941,94,96,5984,6467,377,396,38
7,736
190.00,81,4701,146,29888,6357,301,7674,52998,102,6941,95,96,11056,6468,376,396,3
86,736
193.00,90,4781,146,30115,6355,282,6230,52998,101,6943,94,96,5985,6470,377,398,38
6,735
196.00,94,4839,146,29854,6353,264,7677,52998,102,6943,95,96,11050,6470,377,398,3
87,737
199.00,84,4847,147,29886,6352,327,6230,52998,102,6944,95,96,5990,6469,378,398,38
6,735
202.00,80,4916,146,30117,6350,275,7679,52998,100,6944,96,95,11057,6471,378,398,3
85,737
205.00,85,4925,145,30116,6348,266,6229,52997,101,6946,95,96,5989,6471,378,398,38
5,736
208.00,83,4985,146,29567,6346,335,7681,52998,102,6948,96,95,11050,6472,377,397,3
86,737
211.00,83,5064,148,29461,6341,323,6230,52997,101,6948,95,96,5990,6472,377,396,38
5,736
214.00,92,5065,148,29568,6338,336,7684,52998,102,6946,95,96,11051,6473,376,396,3
86,736
217.00,81,5065,146,29796,6334,285,6234,52998,101,6950,95,95,5987,6472,379,395,38
6,736
220.00,93,4986,146,29891,6333,361,7684,52998,101,6951,96,95,11050,6471,377,395,3
85,736
223.00,86,4986,147,29383,6330,294,6235,52997,102,6950,95,96,5989,6475,377,396,38
5,736
226.00,86,4987,147,29476,6325,290,7679,52998,102,6951,96,96,11055,6475,377,395,3
86,736
229.00,92,5118,147,29887,6328,283,6244,52998,101,6952,95,96,5987,6477,378,396,38
5,735
232.00,97,5065,148,29890,6323,307,7677,52999,101,6952,96,95,11064,6477,377,395,3
85,736
235.00,95,4987,147,29805,6320,293,6243,52997,101,6954,95,95,5989,6477,377,394,38
6,736
238.00,85,4985,146,29982,6319,307,7673,52999,102,6955,96,96,11068,6476,378,395,3
85,736
241.00,92,4987,146,29979,6316,299,6247,52998,102,6956,94,95,5988,6478,378,395,38
5,737
244.00,85,5065,146,29890,6315,319,7673,52999,101,6956,95,97,11066,6481,377,395,3
84,736
247.00,81,4984,147,29967,6311,313,6251,52998,102,6959,95,96,5989,6481,376,396,38
4,735
250.00,88,4987,148,29309,6308,305,7668,52998,102,6959,94,96,11073,6480,377,397,3
85,736
253.00,80,4987,147,29798,6307,315,6255,52999,101,6958,95,97,5989,6480,377,396,38
6,735
256.00,93,4987,147,29799,6309,389,7669,52998,101,6960,95,97,11074,6482,377,396,3
85,737
259.00,89,5065,147,28972,6308,322,6255,52998,102,6962,95,97,5993,6486,376,397,38
5,737
262.00,92,4935,147,29817,6310,317,7661,52999,101,6961,96,96,11086,6484,376,396,3
86,736
265.00,92,4934,147,29889,6309,322,6264,52998,102,6961,95,96,5990,6485,377,396,38
5,736
268.00,80,5014,146,29295,6310,326,7666,52998,101,6962,96,96,11080,6485,377,396,3
85,736
271.00,79,4935,148,29477,6313,344,6263,53000,102,6965,96,96,5985,6486,376,396,38
7,736
274.00,77,4936,146,29304,6315,379,7671,52998,102,6964,95,97,11073,6486,377,396,3
87,736
277.00,83,4934,148,29797,6317,349,6257,52997,102,6966,95,96,5990,6486,377,395,38
5,736
280.00,89,4936,149,29983,6319,336,7664,52999,103,6967,96,97,11082,6486,377,396,3
86,736
283.00,94,4935,146,30119,6319,372,6266,52998,101,6968,96,96,5993,6488,376,395,38
6,736
286.00,110,4935,147,29983,6320,374,7659,52998,101,6968,95,96,11093,6489,377,397,
385,736
289.00,117,5013,147,29981,6321,368,6273,52998,101,6970,95,96,5992,6491,376,397,3
85,737
292.00,113,5014,148,30122,6319,346,7663,52997,101,6969,96,97,11091,6492,377,397,
385,737
295.00,110,4935,147,29891,6318,356,6271,52998,102,6971,96,96,5992,6492,377,397,3
84,737
298.00,100,4936,147,29893,6317,349,7659,52998,103,6971,97,97,11094,6491,376,397,
384,736
301.00,84,4987,147,30016,6317,383,6275,52999,101,6972,95,97,5986,6493,377,397,38
6,737
304.00,86,5067,146,29893,6317,359,7663,52998,102,6973,96,95,11084,6491,377,396,3
85,737
307.00,78,5066,147,29983,6317,355,6270,52998,103,6973,96,97,5994,6494,376,397,38
5,736
310.00,86,4935,146,29801,6317,367,7658,52998,102,6973,95,96,11095,6491,377,395,3
84,737
313.00,96,4935,147,29479,6313,425,6276,52997,102,6974,95,96,5989,6495,376,395,38
4,736
316.00,99,4882,147,29894,6312,361,7661,53000,102,6975,96,96,11089,6493,375,395,3
85,736
319.00,99,4962,148,29892,6312,389,6279,52999,101,6976,94,96,5989,6497,376,395,38
5,737
322.00,108,4883,147,29892,6309,365,7654,52998,102,6977,95,96,11102,6496,376,395,
384,736
325.00,107,4883,146,29577,6306,373,6281,52997,101,6978,96,96,5991,6498,376,395,3
84,736
328.00,104,4883,148,29902,6304,388,7660,52998,103,6979,95,97,11091,6497,376,395,
385,736
331.00,107,4882,146,29478,6304,405,6279,52998,102,6982,96,97,5997,6498,376,395,3
85,737
334.00,99,4884,146,29804,6304,385,7654,52998,103,6981,95,97,11109,6498,376,394,3
87,737
337.00,104,4885,147,29892,6304,384,6291,52998,102,6981,95,97,5993,6499,377,395,3
85,736
340.00,119,4832,147,29894,6302,391,7655,52998,102,6983,95,96,11105,6498,376,395,
384,736
343.00,133,4884,148,29984,6299,393,6290,52998,102,6983,96,95,5993,6500,376,395,3
86,736
346.00,132,4885,147,29802,6296,392,7654,53000,103,6984,96,96,11103,6501,377,396,
386,737
349.00,139,4883,148,29799,6292,390,6293,52997,102,6984,96,96,5993,6501,376,397,3
86,737
352.00,130,4884,147,29485,6291,406,7659,53000,103,6985,96,96,11098,6503,375,397,
385,736
355.00,138,4884,147,29984,6290,396,6292,52999,103,6988,95,96,5993,6503,376,397,3
85,738
358.00,132,4884,146,30215,6293,397,7653,52999,103,6986,95,95,11104,6503,375,398,
384,737
361.00,134,4833,147,29983,6293,428,6293,53001,101,6985,96,96,5993,6506,376,397,3
85,737
364.00,132,4836,148,30124,6296,419,7651,52997,102,6988,95,96,11111,6504,376,395,
385,737
367.00,137,4834,147,29624,6294,439,6298,52998,101,6991,96,97,5993,6506,377,396,3
86,737
370.00,148,4836,148,29897,6293,405,7655,52997,102,6989,96,97,11105,6505,377,395,
386,737
373.00,149,4887,147,30123,6292,447,6298,52999,102,6990,97,96,5993,6507,376,394,3
86,737
376.00,156,4888,148,29989,6294,410,7654,52998,102,6991,97,96,11108,6508,376,396,
386,737
379.00,154,4888,148,30108,6295,418,6300,52998,102,6993,95,97,5992,6508,377,395,3
86,736
382.00,166,4889,147,30399,6302,419,7654,52998,103,6993,95,96,11109,6507,376,395,
387,737
385.00,161,4890,147,29985,6304,421,6301,52997,103,6995,95,96,5995,6513,375,397,3
86,737
388.00,174,4890,147,30127,6308,449,7649,52999,103,6995,97,96,11114,6511,376,396,
386,738
391.00,184,4973,148,30119,6308,434,6303,52998,103,6994,96,97,5997,6512,376,396,3
86,737
394.00,189,4975,146,30218,6311,439,7638,52999,103,6996,95,96,11130,6511,376,396,
386,736
397.00,192,4975,148,29896,6312,434,6311,52997,102,6997,96,96,5993,6513,376,397,3
86,737
400.00,175,4976,146,29990,6314,445,7643,52997,103,6998,96,97,11122,6513,376,397,
387,736
403.00,173,4900,147,29988,6313,447,6309,52998,102,7000,96,96,5993,6514,377,398,3
85,737
406.00,169,4982,147,29989,6316,496,7651,52998,104,7000,97,96,11113,6513,376,397,
385,737
409.00,171,4985,148,30216,6315,444,6307,52999,102,7002,95,97,5994,6515,376,397,3
87,737
412.00,163,4985,146,30126,6316,445,7647,52998,103,7001,97,97,11118,6515,376,398,
386,736
415.00,171,4915,147,30124,6316,466,6309,52999,103,7000,97,96,5993,6516,377,397,3
88,736
418.00,161,4968,148,30127,6319,492,7647,52999,103,7003,97,96,11119,6516,376,397,
387,737
421.00,191,4949,147,30125,6320,450,6313,52997,102,7001,95,95,5994,6518,376,397,3
87,737
424.00,193,4929,147,29576,6320,461,7648,52998,103,7002,96,97,11116,6518,377,397,
386,738
427.00,207,4971,147,29988,6321,487,6313,52997,102,7003,95,97,5994,6518,376,397,3
87,737
430.00,219,4914,148,30047,6320,474,7646,52997,102,7004,95,96,11122,6517,376,395,
386,737
433.00,201,4912,147,30124,6320,459,6319,52998,102,7005,96,97,5997,6520,376,396,3
86,736
436.00,200,4911,146,29898,6322,503,7639,52998,102,7006,96,95,11127,6519,377,395,
387,737
439.00,205,4965,148,29483,6320,464,6318,52998,102,7007,96,96,5998,6522,376,396,3
86,737
442.00,201,4964,146,29485,6319,467,7634,53000,103,7009,96,97,11139,6519,377,396,
386,737
445.00,195,4963,147,29568,6320,479,6326,52999,102,7010,96,97,5992,6522,376,396,3
85,737
448.00,192,4912,148,29898,6317,501,7651,52998,103,7010,95,96,11118,6521,376,395,
385,737
451.00,183,4911,147,29482,6319,494,6320,52999,102,7010,96,96,5995,6523,376,395,3
85,737
454.00,182,4910,148,29575,6318,478,7633,52997,103,7011,96,97,11137,6523,375,396,
385,737
457.00,177,4831,146,29027,6321,502,6328,52999,102,7013,97,97,5995,6523,377,395,3
87,737
460.00,160,4832,148,29074,6331,494,7643,52998,104,7014,96,96,11128,6526,376,395,
388,738
463.00,165,4831,147,29392,6344,514,6326,53001,103,7016,97,96,5994,6524,377,397,3
90,737
466.00,157,4831,149,29487,6356,507,7639,52999,104,7014,96,97,11132,6523,377,397,
390,737
469.00,179,4830,147,29584,6367,536,6329,52998,103,7015,95,96,5996,6527,376,398,3
91,738
472.00,212,4911,147,29580,6376,502,7632,52998,104,7016,97,97,11139,6525,376,399,
391,738
475.00,244,4962,147,29300,6387,509,6331,52998,103,7017,95,96,5993,6530,375,399,3
92,738
478.00,271,4964,147,28571,6397,503,7641,52998,103,7017,97,96,11129,6528,375,400,
391,737
481.00,300,5017,147,29071,6410,525,6329,52998,102,7018,96,96,6000,6528,377,401,3
91,738
484.00,333,5067,147,29466,6425,515,7630,52998,102,7018,96,96,11149,6532,376,401,
391,738
487.00,346,5122,146,29483,6438,520,6335,52999,103,7022,96,96,5996,6530,376,401,3
90,737
490.00,362,5203,148,29395,6452,536,7634,52998,104,7020,96,96,11141,6532,376,402,
391,737
493.00,367,5252,148,28977,6468,553,6338,52999,102,7022,97,97,5992,6533,376,401,3
92,738
496.00,382,5306,147,29271,6488,541,7630,52999,103,7020,96,97,11141,6534,376,402,
391,738
499.00,381,5358,147,28474,6500,540,6337,52998,103,7024,96,96,5993,6533,376,401,3
91,738
502.00,387,5357,147,29074,6509,550,7638,52999,104,7021,96,97,11134,6532,377,401,
393,738
505.00,425,5436,147,28795,6517,560,6335,52997,103,7025,96,96,5993,6537,376,402,3
91,738
508.00,407,5490,147,28986,6523,558,7635,52999,102,7025,96,96,11133,6535,377,402,
391,737
511.00,422,5410,149,29392,6532,561,6336,53000,102,7027,95,96,5992,6535,377,401,3
91,738
514.00,448,5489,147,28891,6548,562,7634,52998,103,7025,95,96,11138,6537,377,402,
391,737
517.00,436,5539,147,29989,6556,609,6338,52998,102,7027,96,96,5994,6537,378,401,3
90,738
520.00,422,5594,148,29394,6563,599,7641,52998,104,7028,96,97,11131,6536,377,399,
390,738
523.00,419,5593,148,29072,6574,605,6338,52996,103,7029,96,96,5997,6539,377,400,3
91,739
526.00,422,5594,147,29394,6587,584,7634,53000,103,7029,96,96,11138,6538,377,399,
392,738
529.00,391,5673,147,29071,6606,610,6338,52999,104,7028,96,97,6001,6538,378,400,3
91,738
532.00,376,5672,147,29075,6624,591,7626,52997,103,7034,97,96,11152,6538,378,401,
393,737
535.00,389,5672,147,29392,6635,590,6347,52998,104,7033,96,97,5996,6541,378,401,3
93,737
538.00,411,5674,147,29579,6657,600,7625,52996,102,7034,96,96,11154,6540,377,401,
394,737
541.00,428,5672,147,29393,6686,636,6352,52998,102,7033,96,96,5993,6542,377,402,3
93,738
544.00,463,5672,147,29487,6714,630,7630,52998,102,7033,96,97,11145,6542,378,402,
393,738
547.00,474,5725,147,29073,6739,618,6349,52998,103,7035,96,97,5999,6541,377,400,3
96,738
550.00,473,5726,148,29395,6763,631,7630,52997,103,7037,97,96,11149,6544,377,403,
396,738
553.00,474,5779,148,29485,6784,626,6349,52997,104,7036,96,96,5996,6545,378,404,3
96,738
556.00,496,5830,148,29397,6805,635,7627,53000,103,7037,96,97,11153,6544,377,404,
397,738
559.00,526,5829,147,28584,6825,671,6353,52998,104,7039,97,96,5995,6546,379,404,3
98,737
562.00,553,5908,148,28524,6847,675,7634,52998,104,7039,95,96,11140,6548,378,405,
397,739
565.00,545,5959,148,27972,6868,663,6348,52997,102,7041,96,97,6001,6547,379,404,3
98,738
568.00,545,6012,147,28892,6887,669,7620,52998,102,7039,96,98,11165,6548,377,405,
398,738
571.00,536,5934,147,29073,6912,671,6364,52998,103,7039,96,98,5993,6548,378,405,3
98,738
574.00,522,6092,147,28825,6933,696,7625,52999,102,7042,97,96,11155,6548,378,405,
399,738
577.00,518,6144,147,29304,6960,667,6355,52998,103,7043,96,97,5998,6550,378,406,4
01,738
580.00,525,6117,147,29303,6982,683,7616,52999,103,7043,97,97,11169,6549,379,408,
401,738
583.00,538,6118,147,29075,7003,692,6363,52999,103,7044,97,96,5993,6553,378,407,4
02,737
586.00,552,6196,147,28898,7022,706,7624,52999,103,7046,96,97,11156,6553,379,409,
401,738
589.00,558,6169,147,28981,7038,687,6358,53000,102,7046,98,97,5997,6554,379,408,4
02,738
592.00,558,6248,147,28067,7059,693,7623,52998,103,7047,97,96,11157,6553,380,408,
402,738
595.00,561,6381,147,29073,7071,713,6362,52997,104,7049,96,97,5999,6554,380,408,4
00,737
598.00,558,6486,148,29579,7073,715,7622,52997,103,7048,96,96,11161,6555,379,408,
400,738
601.00,542,6485,148,28933,7077,713,6362,52999,104,7050,97,97,5999,6554,381,407,4
00,738
604.00,514,6457,148,29305,7095,721,7618,53000,104,7049,96,96,11166,6555,380,407,
399,738
607.00,500,6540,147,29487,7115,725,6367,52999,103,7052,97,96,5997,6555,380,408,4
01,738
610.00,484,6541,148,29489,7122,724,7614,52998,103,7050,96,96,11169,6559,381,408,
401,737
613.00,483,6671,148,28218,7114,724,6371,52999,104,7052,97,97,5996,6559,380,407,4
00,739
616.00,487,6669,147,27837,7103,733,7617,52998,103,7055,96,97,11169,6559,380,407,
398,739
619.00,483,6540,148,27424,7097,740,6368,53000,102,7054,98,97,5995,6559,382,406,4
00,738
622.00,473,6540,148,27563,7097,754,7623,52999,103,7056,96,97,11159,6557,382,408,
402,738
625.00,446,6670,148,29306,7110,760,6373,52999,103,7059,97,97,5994,6559,382,410,4
04,738
628.00,453,6540,146,29904,7127,753,7615,52998,103,7056,97,98,11167,6558,381,411,
405,738
631.00,492,6541,148,29580,7141,757,6370,52999,104,7057,97,97,5997,6562,382,413,4
04,739
634.00,545,6547,148,29581,7150,785,7615,52998,104,7060,96,97,11168,6564,382,412,
403,738
637.00,572,6684,148,29580,7153,781,6371,52999,103,7060,96,97,5996,6564,381,412,4
03,737
640.00,580,6696,147,29903,7156,782,7613,52999,103,7058,97,98,11176,6562,382,412,
402,739
643.00,563,6787,147,29397,7168,784,6377,52999,103,7060,97,97,5996,6566,381,412,4
03,738
646.00,534,6689,147,29996,7177,787,7617,52997,104,7063,97,97,11164,6564,381,411,
402,739
649.00,503,6797,148,30130,7170,776,6376,52998,103,7063,97,97,5996,6566,383,411,4
00,739
652.00,491,6799,148,28782,7161,798,7615,52998,104,7061,97,97,11176,6564,383,410,
400,738
655.00,486,6800,148,29075,7156,789,6381,52996,104,7067,96,97,5995,6565,383,409,4
00,738
658.00,466,6695,147,29903,7145,802,7616,52998,104,7064,97,96,11170,6567,381,410,
399,738
661.00,448,6695,149,28984,7131,809,6376,52997,103,7066,97,96,6000,6567,383,409,4
02,738
664.00,439,6695,147,29329,7117,805,7606,52998,104,7064,96,97,11180,6566,382,409,
403,738
667.00,442,6694,148,29581,7104,810,6379,52999,103,7066,97,98,5999,6567,383,410,4
02,738
670.00,445,6799,148,29080,7086,823,7607,52998,103,7066,97,97,11184,6567,384,410,
402,739
673.00,493,6721,147,29900,7072,835,6385,52999,104,7067,96,97,5995,6568,383,410,4
01,737
676.00,529,6720,149,27982,7062,832,7615,52999,104,7070,96,97,11168,6568,383,409,
400,739
679.00,527,6721,147,28877,7051,838,6384,52998,103,7072,97,97,5998,6570,384,408,4
01,738
682.00,516,6721,148,28574,7043,846,7607,52997,103,7071,96,96,11179,6569,383,408,
401,738
685.00,476,6721,148,28799,7034,838,6388,53000,103,7071,97,98,5995,6570,385,408,4
02,739
688.00,450,6592,147,28579,7022,836,7608,52998,105,7073,96,97,11177,6571,384,408,
402,738
691.00,442,6510,146,27334,7014,864,6387,53000,103,7072,97,97,5998,6573,383,409,4
02,740
694.00,459,6510,148,28573,7019,863,7608,52997,104,7074,96,97,11182,6572,384,409,
405,738
697.00,466,6406,148,28250,7034,851,6390,52999,103,7075,96,96,5994,6572,385,410,4
06,738
700.00,480,6618,148,29306,7049,865,7607,52998,104,7077,96,97,11178,6573,384,412,
408,739
703.00,465,6617,147,29489,7073,855,6386,52998,103,7077,98,98,5997,6574,385,412,4
09,739
706.00,467,6512,148,29813,7097,884,7607,52998,103,7077,97,98,11180,6574,385,415,
407,738
709.00,487,6512,148,29076,7114,877,6387,52998,104,7078,96,98,5998,6578,384,414,4
06,739
712.00,495,6511,147,28577,7129,878,7605,52999,103,7081,97,98,11181,6578,385,415,
408,739
715.00,493,6696,147,28985,7143,877,6392,52997,103,7080,97,98,5998,6578,384,416,4
11,739
718.00,496,6803,146,28874,7149,880,7600,52998,104,7081,97,97,11189,6579,385,416,
410,738
721.00,496,6800,148,28892,7151,871,6394,52999,104,7082,97,97,5998,6582,384,417,4
11,739
724.00,524,6800,147,29400,7152,886,7595,52997,103,7081,97,97,11195,6581,385,417,
411,738
727.00,527,6800,147,29396,7161,894,6401,52999,104,7080,96,96,5992,6582,384,417,4
11,739
730.00,518,6880,149,29400,7171,891,7605,52998,103,7084,96,97,11182,6580,385,417,
412,738
733.00,506,6878,147,30130,7185,897,6394,52998,103,7084,96,98,5999,6584,385,417,4
12,738
736.00,506,6878,149,29309,7195,900,7598,52998,104,7084,97,98,11191,6585,386,419,
412,739
739.00,517,6981,146,29490,7202,903,6403,52998,103,7085,96,98,5994,6585,386,419,4
13,739
742.00,523,6982,148,28079,7201,903,7599,52998,103,7086,98,97,11190,6586,387,420,
414,739
745.00,526,7060,147,28800,7210,903,6404,52997,104,7089,96,99,5994,6585,386,421,4
15,739
748.00,529,7061,147,29081,7222,921,7603,52997,104,7091,98,98,11186,6587,385,422,
416,739
751.00,523,6956,148,29305,7243,917,6403,52999,104,7090,98,98,5999,6587,387,422,4
17,739
754.00,525,7060,148,29493,7263,923,7593,52999,104,7089,98,98,11195,6588,387,423,
420,740
757.00,537,7062,147,29307,7281,923,6406,52998,104,7093,98,98,5999,6589,387,424,4
20,739
760.00,542,7061,148,29401,7303,924,7601,52998,105,7092,98,97,11187,6590,387,424,
421,739
763.00,565,7060,147,27977,7309,946,6404,52998,103,7093,98,98,5999,6591,387,425,4
18,739
766.00,596,7061,147,28897,7302,953,7594,52999,105,7094,97,97,11197,6592,388,425,
412,740
769.00,590,7139,147,27838,7287,947,6411,52998,104,7096,98,97,5997,6592,387,422,4
10,738
772.00,574,7242,148,27429,7268,928,7593,52999,104,7096,96,98,11197,6591,389,419,
412,739
775.00,525,7243,147,28574,7255,949,6409,52997,104,7098,97,98,5999,6592,388,419,4
16,739
778.00,458,7345,148,29400,7245,954,7595,52996,105,7097,96,98,11198,6593,389,420,
419,738
781.00,443,7243,148,28180,7242,956,6410,52998,104,7097,98,98,5997,6592,390,423,4
20,738
784.00,458,7244,147,28394,7237,952,7588,52999,104,7098,97,97,11209,6594,389,423,
419,739
787.00,499,7165,148,28803,7232,962,6415,52998,104,7099,98,97,5997,6594,391,424,4
21,739
790.00,534,7165,147,29402,7226,963,7590,52998,103,7101,98,98,11203,6597,391,424,
419,739
793.00,546,7063,148,28634,7219,966,6412,52998,104,7100,96,97,5997,6598,389,424,4
18,739
796.00,556,7065,146,28254,7211,962,7590,52999,105,7103,97,97,11205,6598,391,424,
417,739
799.00,562,7140,147,29309,7195,972,6414,52999,103,7103,98,98,5997,6597,391,424,4
16,739
802.00,557,7142,147,28896,7181,966,7588,52998,105,7104,98,99,11208,6598,391,423,
413,739
805.00,549,7062,147,27999,7165,969,6416,52998,105,7103,97,98,5998,6597,391,422,4
11,739
808.00,526,7066,147,28225,7142,970,7587,52998,103,7106,96,97,11210,6597,392,421,
411,739
811.00,471,7166,148,28481,7123,976,6418,53000,105,7106,97,97,5996,6600,391,421,4
15,739
814.00,435,7065,147,28392,7103,967,7595,52998,104,7107,97,98,11195,6596,392,423,
419,739
817.00,418,6987,148,29310,7098,974,6416,52999,105,7110,96,98,6000,6599,392,424,4
20,739
820.00,419,6989,147,28455,7100,976,7589,52998,104,7111,97,98,11203,6598,392,425,
421,738
823.00,447,6885,146,27841,7109,976,6418,52998,104,7109,99,97,5999,6603,392,426,4
23,740
826.00,467,6888,146,28576,7114,976,7584,52996,105,7110,97,97,11213,6601,392,427,
424,740
829.00,499,6784,149,28574,7125,980,6426,52997,104,7113,98,97,5996,6605,393,428,4
24,739
832.00,499,6708,148,29082,7144,981,7584,52998,103,7112,98,97,11210,6606,393,429,
426,739
835.00,492,6813,147,29583,7168,978,6424,52998,104,7113,98,98,6001,6608,394,429,4
28,739
838.00,499,6816,147,29494,7186,982,7583,52998,105,7114,97,97,11217,6609,393,432,
430,739
841.00,475,6896,147,29493,7190,981,6424,52997,105,7116,97,98,6001,6607,392,433,4
28,739
844.00,517,6900,147,29493,7190,981,7580,52998,104,7117,98,97,11219,6610,394,432,
427,739
847.00,525,6902,147,29251,7182,984,6431,52997,103,7118,97,97,5998,6612,394,433,4
23,739
850.00,529,6903,147,28990,7169,982,7585,52997,104,7116,97,99,11204,6612,394,430,
420,739
853.00,521,6899,146,29492,7159,983,6424,52999,103,7121,97,97,6001,6611,394,430,4
21,739
856.00,486,6995,148,28990,7157,983,7584,52998,104,7120,97,97,11213,6609,395,429,
424,739
859.00,451,6847,147,28854,7160,984,6430,52998,105,7122,97,99,5997,6612,395,430,4
28,739
862.00,430,6828,147,28991,7169,984,7590,52998,105,7122,98,98,11203,6611,395,433,
434,739
865.00,439,6732,148,28804,7178,985,6424,52999,104,7124,97,98,6004,6614,395,435,4
34,740
868.00,462,6829,146,29496,7180,982,7574,52999,104,7121,96,98,11227,6613,395,436,
434,739
871.00,511,6749,147,29909,7181,984,6435,52999,103,7125,98,98,5996,6616,396,437,4
34,739
874.00,531,6749,147,29405,7192,984,7577,52999,104,7124,98,98,11217,6619,396,437,
433,739
877.00,531,6749,147,30135,7198,985,6429,52999,103,7127,97,98,6000,6619,396,437,4
33,739
880.00,539,6751,147,29084,7205,985,7571,52997,103,7127,97,97,11231,6618,397,436,
432,739
883.00,503,6826,147,29907,7204,985,6438,52999,105,7126,97,97,5996,6620,397,436,4
30,739
886.00,511,6828,148,29587,7200,986,7585,52998,105,7127,98,99,11208,6619,397,436,
431,739
889.00,504,6930,146,29402,7200,986,6428,52998,105,7130,98,98,6002,6620,397,436,4
32,739
892.00,494,6802,147,28993,7192,985,7574,52998,104,7130,97,97,11230,6621,398,436,
431,740
895.00,497,6801,147,28580,7176,987,6437,52999,103,7131,97,98,5997,6619,399,435,4
31,739
898.00,499,6932,147,29587,7164,985,7576,52998,104,7134,98,99,11223,6621,399,436,
432,739
901.00,515,6828,147,29814,7166,983,6434,52998,105,7132,99,99,5999,6621,398,437,4
34,739
904.00,476,6828,147,29817,7171,984,7574,52997,105,7133,97,97,11219,6620,399,437,
433,739
907.00,489,6827,147,29492,7174,985,6437,52999,105,7135,97,98,5997,6622,400,437,4
33,740
910.00,491,6828,147,28857,7180,984,7577,52999,104,7138,96,98,11220,6620,400,436,
434,739
913.00,484,6750,146,29401,7187,982,6438,52999,104,7136,97,98,5998,6622,400,438,4
36,739
916.00,493,6750,147,29588,7201,982,7571,52997,104,7137,97,98,11225,6622,401,438,
435,739
919.00,494,6826,147,30135,7199,984,6443,52999,105,7139,97,98,5996,6625,400,439,4
30,740
922.00,505,6829,148,29344,7201,984,7581,53000,104,7138,98,98,11219,6625,402,438,
430,739
925.00,510,6828,147,27848,7200,982,6439,52998,104,7139,97,98,6003,6623,401,438,4
31,740
928.00,473,6827,147,29496,7210,984,7571,52999,105,7139,98,98,11229,6625,402,437,
434,740
931.00,451,6827,146,29585,7226,986,6441,52999,104,7142,98,98,6000,6625,402,439,4
36,740
934.00,459,6750,146,28814,7247,984,7562,52997,103,7143,98,99,11240,6626,401,440,
440,740
937.00,466,6749,147,29402,7266,983,6449,52997,104,7144,97,98,6000,6627,403,442,4
39,740
940.00,510,6750,146,29818,7283,983,7565,52998,105,7144,98,99,11236,6629,402,441,
436,739
943.00,549,6750,147,29814,7304,982,6455,52999,105,7144,98,99,5995,6629,403,442,4
37,739
946.00,556,6750,147,29498,7318,984,7564,52999,105,7146,98,98,11237,6629,404,442,
436,739
949.00,548,6827,146,29033,7332,981,6450,52998,105,7144,97,98,5997,6631,404,441,4
33,740
952.00,526,6828,147,28992,7335,981,7572,52999,104,7147,98,98,11226,6632,404,441,
432,740
955.00,506,6826,146,29082,7340,982,6445,52999,103,7146,97,98,6002,6632,403,439,4
32,740
958.00,476,6751,146,29818,7348,982,7560,52998,105,7147,97,98,11247,6627,403,439,
433,740
961.00,477,6827,148,28578,7358,982,6452,52999,103,7151,99,98,5995,6631,404,438,4
32,740
964.00,483,6827,148,28976,7370,983,7566,52998,105,7151,98,98,11232,6629,404,438,
432,740
967.00,482,6749,147,29586,7382,984,6452,52997,105,7151,99,99,5999,6629,405,438,4
32,739
970.00,481,6750,147,29590,7399,981,7573,53000,104,7151,97,98,11228,6630,405,437,
431,739
973.00,493,6748,146,29906,7415,980,6445,52997,104,7153,98,98,6001,6631,405,438,4
32,740
976.00,491,6749,147,28993,7425,979,7561,52998,105,7152,97,99,11239,6629,405,435,
433,740
979.00,493,6749,148,28487,7426,983,6455,52997,105,7155,98,98,5996,6631,406,438,4
32,740
982.00,493,6749,147,29588,7419,983,7573,52998,104,7155,98,98,11221,6633,405,437,
431,740
985.00,512,6750,146,28899,7405,983,6450,52998,106,7156,97,98,5997,6633,406,436,4
28,741
988.00,529,6619,147,29399,7389,984,7562,53000,104,7156,98,99,11241,6633,405,435,
427,739
991.00,522,6542,146,28486,7370,983,6454,52998,104,7158,97,98,5999,6631,406,434,4
27,740
994.00,487,6542,146,28259,7358,979,7566,52998,104,7160,98,98,11239,6632,407,434,
428,739
997.00,456,6646,147,29816,7357,980,6457,52998,105,7158,97,98,5996,6632,406,434,4
32,739
1000.00,446,6750,147,29593,7360,983,7563,52998,106,7161,98,99,11240,6632,407,436
,433,740
1003.00,461,6645,147,29082,7348,982,6455,52997,105,7163,99,98,6002,6633,407,435,
432,740
1006.00,484,6646,147,28995,7331,982,7562,52999,105,7160,97,97,11240,6635,407,437
,432,740
1009.00,497,6645,147,28806,7308,984,6455,52999,104,7162,97,99,5999,6635,407,438,
430,739
1012.00,491,6647,145,28072,7288,981,7567,52997,105,7162,98,98,11234,6636,407,436
,429,740
1015.00,474,6644,145,29310,7279,980,6454,52999,105,7165,97,98,6002,6635,407,437,
430,740
1018.00,444,6646,147,28581,7283,982,7552,52998,104,7165,99,98,11258,6638,407,436
,432,740
1021.00,442,6647,147,28806,7294,980,6470,52999,105,7165,99,99,5993,6640,407,436,
434,740
1024.00,444,6646,148,29404,7297,981,7572,52999,105,7167,99,98,11224,6640,407,439
,434,740
1027.00,460,6644,146,29354,7301,981,6456,52997,106,7165,97,98,6009,6639,407,439,
434,740
1030.00,482,6647,145,29408,7307,979,7552,52998,105,7168,97,98,11263,6640,406,439
,432,740
1033.00,493,6647,148,29494,7312,981,6470,52998,105,7168,97,99,5994,6642,407,439,
430,740
1036.00,479,6646,146,29910,7312,983,7548,52997,106,7169,97,100,11260,6642,408,43
8,432,740
1039.00,481,6645,147,28991,7310,977,6471,52998,104,7170,98,99,5994,6640,408,440,
434,740
1042.00,470,6646,147,29407,7301,980,7562,52997,105,7170,98,97,11240,6643,408,440
,435,741
1045.00,469,6645,146,29082,7303,979,6461,52998,104,7172,97,98,6002,6642,408,441,
433,740
1048.00,479,6647,147,29406,7315,979,7553,52999,105,7171,97,99,11257,6642,407,440
,433,740
1051.00,484,6749,147,29406,7327,981,6472,52998,106,7173,98,99,5996,6645,408,440,
433,740
1054.00,499,6748,147,28918,7344,979,7559,52998,103,7173,98,99,11244,6645,408,440
,434,740
1057.00,486,6750,146,29312,7354,984,6464,52999,104,7175,97,98,6004,6644,407,441,
432,740
1060.00,495,6750,145,29085,7360,981,7546,52998,106,7176,97,98,11269,6646,409,440
,431,739
1063.00,503,6749,146,28807,7368,983,6477,52999,105,7177,98,100,5997,6646,409,440
,433,740
1066.00,499,6751,147,29097,7376,981,7556,52999,104,7180,97,99,11251,6645,409,440
,435,740
1069.00,480,6827,146,28579,7388,985,6473,52998,104,7179,99,99,5998,6645,408,441,
436,740
1072.00,496,6729,145,28902,7400,983,7556,52998,104,7180,99,99,11247,6648,409,442
,435,740
1075.00,507,6736,146,28808,7402,980,6473,52998,105,7182,98,98,6002,6649,408,442,
433,740
1078.00,526,6746,147,28816,7402,982,7553,52998,104,7180,98,97,11251,6647,409,440
,432,740
1081.00,535,6860,148,29565,7401,984,6470,52999,106,7183,97,100,6004,6651,409,439
,431,741
1084.00,504,6870,146,29315,7408,978,7540,52999,106,7183,98,99,11273,6651,408,439
,434,740
1087.00,495,6877,147,28487,7420,981,6479,52997,105,7185,98,99,5997,6649,409,439,
436,740
1090.00,465,6879,146,29314,7420,982,7563,52998,106,7183,98,98,11238,6648,408,440
,437,740
1093.00,481,6878,147,29125,7408,986,6466,52998,105,7185,98,100,6003,6652,409,440
,435,740
1096.00,506,6880,146,28993,7390,982,7543,52997,105,7187,98,99,11267,6650,411,440
,433,741
1099.00,507,6879,146,28579,7367,982,6479,53000,104,7187,98,98,5999,6653,410,440,
430,740
1102.00,503,6984,148,28398,7346,983,7554,52999,105,7190,98,98,11248,6652,409,437
,429,741
1105.00,486,6851,147,29298,7324,981,6479,52998,105,7189,98,98,5995,6651,410,437,
429,740
1108.00,465,6983,147,28994,7299,981,7548,52996,104,7188,99,98,11261,6651,410,436
,430,740
1111.00,445,6982,148,29085,7281,982,6479,52999,104,7190,97,98,5999,6652,409,437,
432,741
1114.00,432,6879,148,28995,7270,980,7558,52998,105,7191,98,97,11242,6652,409,437
,434,740
1117.00,440,6983,146,28809,7260,981,6477,52999,105,7193,99,99,6000,6653,411,438,
436,741
1120.00,459,6879,147,29590,7267,981,7543,52999,106,7192,98,98,11267,6655,410,440
,437,741
1123.00,488,6879,147,29312,7268,980,6483,53000,106,7193,97,99,5995,6656,410,440,
437,740
1126.00,499,6880,147,29500,7274,981,7556,52997,104,7195,98,98,11246,6657,410,442
,436,741
1129.00,514,6879,147,28900,7291,981,6474,52998,105,7194,99,98,6004,6657,410,443,
437,740
1132.00,524,6879,146,28815,7311,980,7549,52999,105,7197,99,99,11257,6659,411,442
,438,741
1135.00,510,6879,147,29910,7318,983,6481,52998,105,7195,98,100,5998,6661,410,444
,436,741
1138.00,513,6981,147,28995,7318,978,7535,52998,106,7197,99,98,11277,6660,409,443
,433,740
1141.00,524,6984,147,28901,7318,981,6487,52998,105,7199,97,98,5999,6661,410,443,
431,740
1144.00,523,6983,147,29445,7311,979,7543,52998,105,7197,97,99,11266,6660,411,441
,429,740
1147.00,497,7062,146,29589,7307,981,6487,52997,105,7199,99,99,5998,6659,411,440,
428,740
1150.00,482,7063,146,29590,7308,985,7543,52999,105,7199,99,98,11270,6659,411,439
,429,741
1153.00,465,7060,147,29083,7300,982,6488,52998,105,7203,99,98,5999,6661,411,438,
429,741
1156.00,454,7064,147,28869,7291,980,7536,52999,105,7201,98,99,11279,6657,411,439
,431,740
1159.00,440,6983,147,27074,7282,978,6492,52999,106,7201,98,98,5994,6661,412,438,
433,740
1162.00,446,6985,147,28260,7264,982,7548,52997,106,7205,97,98,11258,6660,411,439
,432,742
1165.00,465,6983,146,28900,7253,982,6486,52999,104,7204,98,98,6001,6662,411,440,
433,740
1168.00,483,7063,147,29587,7263,984,7531,52999,106,7202,97,99,11286,6662,410,441
,438,740
1171.00,474,7061,146,28667,7274,981,6494,52996,106,7204,98,99,5996,6663,411,443,
438,741
1174.00,496,7062,150,29500,7281,981,7532,52998,105,7204,99,99,11283,6666,410,444
,438,741
1177.00,536,7063,146,28808,7291,978,6494,52997,105,7207,99,99,6000,6665,411,443,
438,740
1180.00,546,7061,146,29407,7303,978,7530,52998,106,7207,98,100,11286,6667,412,44
4,437,740
1183.00,555,7062,146,28659,7312,978,6495,52998,106,7207,99,98,5998,6667,411,444,
436,740
1186.00,544,7064,146,29408,7316,975,7539,52999,106,7209,99,99,11270,6668,412,444
,436,741
1189.00,540,7061,147,29315,7309,980,6494,52998,106,7209,98,98,6002,6669,412,443,
433,739
1192.00,533,7063,147,27578,7309,979,7531,52998,106,7210,99,98,11285,6670,411,442
,432,740
1195.00,508,7061,147,28477,7302,980,6498,52999,106,7212,100,99,5996,6670,412,442
,433,742
1198.00,495,7165,148,29501,7291,982,7538,52999,105,7210,99,100,11272,6668,411,44
1,435,741
1201.00,480,7165,146,28991,7282,979,6490,52998,105,7211,99,99,6004,6669,412,441,
432,740
1204.00,485,7166,148,28079,7274,982,7528,52997,104,7213,100,98,11291,6670,412,44
1,430,740
1207.00,481,7166,147,28254,7257,982,6502,52999,106,7213,99,98,5998,6669,412,441,
430,740
1210.00,472,7062,147,28399,7238,982,7534,52997,105,7215,98,98,11280,6669,412,440
,430,740
1213.00,466,7062,146,27846,7216,982,6498,52998,106,7215,98,99,5999,6668,412,440,
429,741
1216.00,476,7064,146,28995,7197,982,7532,52999,106,7218,98,100,11283,6670,412,43
9,429,742
1219.00,481,7062,146,28486,7186,980,6498,52998,106,7219,99,99,5999,6671,412,438,
429,740
1222.00,493,7062,147,29049,7174,983,7533,52998,105,7219,98,98,11280,6669,412,437
,431,742
1225.00,471,7063,147,28397,7168,979,6500,52999,106,7219,99,99,5999,6671,412,438,
433,741
1228.00,458,7063,147,28995,7159,983,7535,52999,106,7220,99,99,11276,6670,412,438
,432,741
1231.00,464,7063,147,28490,7147,980,6497,52998,105,7221,99,98,6001,6674,412,438,
430,740
1234.00,486,6985,147,28802,7130,983,7530,52997,105,7221,98,99,11283,6671,412,437
,429,741
1237.00,480,6986,146,28809,7115,985,6504,53000,106,7223,98,98,5995,6674,412,437,
428,741
1240.00,486,7065,148,29500,7100,983,7540,52999,106,7221,98,99,11273,6672,412,437
,428,741
1243.00,484,7170,146,29499,7086,980,6499,52998,106,7223,98,100,6000,6673,412,437
,431,740
1246.00,465,7091,147,29823,7085,986,7534,52997,105,7226,98,100,11279,6675,412,43
7,431,741
1249.00,491,6988,147,28993,7089,986,6504,52997,104,7226,100,100,5996,6676,412,43
7,431,740
1252.00,506,6989,147,29409,7091,984,7526,52998,105,7224,99,99,11292,6676,413,437
,429,741
1255.00,534,6989,146,28397,7090,984,6508,52998,104,7228,98,98,5997,6676,412,436,
426,740
1258.00,522,7095,147,29085,7086,984,7535,52998,104,7224,99,99,11278,6677,412,436
,422,741
1261.00,509,6991,147,29276,7086,984,6505,52998,106,7230,98,99,6001,6677,412,434,
423,742
1264.00,472,6994,147,28905,7089,983,7525,52998,106,7228,98,99,11295,6675,412,432
,422,741
1267.00,440,6890,146,29911,7085,982,6509,52998,107,7230,99,98,5997,6677,412,431,
424,741
1270.00,400,6890,147,28813,7082,983,7530,52998,105,7230,99,98,11284,6677,412,431
,424,742
1273.00,387,6815,147,28454,7081,980,6505,52997,105,7232,98,99,6001,6679,412,432,
424,742
1276.00,384,6816,147,28583,7083,985,7526,52997,106,7233,99,99,11292,6676,411,432
,423,741
1279.00,388,6817,148,27985,7086,983,6511,52998,107,7232,99,99,6000,6677,412,432,
420,741
1282.00,386,6639,147,28997,7084,984,7527,53000,106,7233,99,98,11292,6678,411,431
,419,741
1285.00,389,6643,147,28871,7088,987,6513,52999,105,7234,98,99,5998,6677,411,429,
420,740
1288.00,373,6721,147,28253,7091,984,7530,52999,105,7235,98,99,11283,6677,411,429
,421,742
1291.00,359,6644,147,28993,7088,985,6508,52997,105,7234,98,98,5999,6678,411,430,
423,742
1294.00,359,6638,145,29593,7083,982,7520,52998,106,7234,99,99,11299,6677,412,430
,424,740
1297.00,382,6621,146,28398,7076,982,6518,52997,105,7238,99,99,5997,6678,411,431,
422,740
1300.00,395,6603,147,28534,7063,983,7522,52999,105,7236,99,100,11299,6679,410,43
1,423,741
1303.00,432,6479,147,27068,7057,982,6519,52997,105,7239,100,99,5996,6682,410,432
,424,742
1306.00,412,6468,147,28997,7054,982,7520,52998,105,7240,99,98,11299,6680,410,433
,425,741
1309.00,408,6463,147,29313,7056,983,6521,52997,105,7238,100,99,5995,6686,410,434
,426,741
1312.00,413,6384,146,28410,7058,982,7521,52997,104,7239,98,100,11297,6685,411,43
4,426,741
1315.00,423,6383,146,28583,7059,984,6516,52997,106,7242,99,100,6000,6687,410,434
,426,741
1318.00,457,6382,150,29090,7066,984,7534,52998,105,7241,99,100,11281,6685,409,43
5,426,741
1321.00,472,6383,147,29590,7080,983,6512,52998,105,7243,98,100,6003,6687,410,435
,431,741
1324.00,468,6383,146,29916,7086,985,7511,52997,105,7243,99,98,11314,6688,409,438
,432,741
1327.00,456,6382,147,29508,7093,980,6519,52998,105,7242,99,100,5999,6691,409,438
,430,741
1330.00,456,6383,148,28998,7097,985,7515,52998,105,7246,98,99,11304,6692,409,438
,431,742
1333.00,470,6568,147,28902,7100,984,6518,53000,106,7246,99,99,6001,6693,410,438,
430,741
1336.00,465,6463,147,29316,7101,981,7518,52998,105,7245,100,98,11302,6692,409,43
8,430,741
1339.00,461,6570,146,30110,7105,981,6519,52997,105,7247,98,99,6000,6694,410,437,
432,740
1342.00,453,6570,145,29411,7099,983,7518,52998,105,7248,100,100,11303,6694,410,4
37,431,740
1345.00,451,6672,147,28903,7087,985,6520,52999,105,7249,99,99,5999,6697,411,438,
430,741
1348.00,464,6571,146,28814,7077,985,7521,53000,105,7248,98,99,11294,6696,409,437
,429,741
1351.00,491,6750,147,27585,7069,983,6518,52998,106,7248,100,100,6002,6696,410,43
6,428,742
1354.00,488,6646,146,28585,7060,987,7520,52998,105,7248,99,99,11298,6694,410,436
,429,741
1357.00,485,6647,147,29820,7053,985,6523,52998,106,7250,100,101,6000,6697,409,43
6,430,740
1360.00,475,6649,147,29502,7043,985,7508,53000,105,7251,100,100,11315,6697,410,4
37,430,741
1363.00,471,6647,146,27857,7042,984,6527,52999,106,7252,98,99,5998,6698,410,437,
433,741
1366.00,475,6647,147,28815,7044,985,7520,52998,104,7253,99,100,11292,6698,410,43
8,433,742
1369.00,482,6750,147,29501,7048,984,6525,52999,105,7254,99,98,6000,6700,410,438,
433,741
1372.00,493,6751,147,26842,7050,983,7512,52998,105,7256,100,99,11305,6701,409,44
0,433,742
1375.00,517,6751,147,28396,7045,984,6527,53000,106,7256,100,100,5997,6701,409,43
9,431,742
1378.00,503,6752,146,28586,7043,982,7518,52997,106,7255,100,99,11296,6701,411,43
9,429,742
1381.00,490,6750,147,29819,7039,981,6524,52998,106,7256,99,99,6004,6700,410,438,
428,741
1384.00,470,6829,147,29823,7032,983,7502,52996,106,7253,100,99,11323,6702,411,43
8,425,742
1387.00,445,6932,147,29087,7028,987,6534,52998,105,7257,100,99,5996,6701,410,436
,424,741
1390.00,436,6829,146,29561,7030,986,7515,52998,107,7256,98,100,11299,6699,411,43
5,425,741
1393.00,429,6853,147,29821,7029,982,6527,52999,106,7259,99,99,6003,6699,410,436,
425,742
1396.00,421,6855,146,28813,7027,986,7500,52999,106,7259,98,100,11328,6699,410,43
5,425,742
1399.00,426,6750,147,28903,7025,987,6537,52998,106,7260,99,99,5993,6700,411,435,
424,740
1402.00,432,6647,147,28551,7018,985,7523,52997,105,7261,100,99,11292,6700,411,43
5,424,741
1405.00,438,6646,147,27986,7017,983,6525,52999,105,7260,98,99,6003,6702,411,435,
425,742
1408.00,451,6648,146,28584,7015,984,7509,52999,105,7261,99,100,11312,6703,411,43
4,427,743
1411.00,461,6647,147,29591,7015,988,6530,52998,105,7261,100,100,5998,6701,411,43
5,427,742
1414.00,465,6648,147,29099,7014,988,7508,52999,106,7260,100,100,11313,6703,409,4
35,424,742
1417.00,471,6646,146,28943,7012,984,6535,52997,105,7265,99,100,5998,6704,410,435
,422,741
1420.00,490,6674,147,28814,7009,985,7514,52998,106,7263,99,99,11307,6703,410,434
,421,742
1423.00,499,6568,147,28492,7007,985,6533,52998,106,7267,100,100,6000,6704,410,43
4,421,742
1426.00,479,6570,147,28908,7006,986,7505,53000,107,7265,99,100,11322,6704,409,43
3,422,741
1429.00,459,6570,146,29089,7007,987,6539,52997,107,7267,99,99,5997,6706,409,432,
420,741
1432.00,447,6570,146,29411,7008,987,7505,52997,106,7266,100,100,11318,6705,411,4
33,419,742
1435.00,428,6673,147,27848,7011,983,6538,52998,106,7267,98,100,5999,6705,410,431
,423,742
1438.00,414,6570,147,27347,7010,986,7503,52998,106,7269,99,98,11319,6707,409,432
,424,742
1441.00,403,6462,148,28806,7003,987,6537,53000,107,7268,99,99,5999,6707,410,434,
425,742
1444.00,400,6463,147,29501,6998,985,7507,52998,107,7269,99,99,11310,6709,410,432
,424,742
1447.00,419,6462,147,29913,6995,988,6536,52998,106,7270,100,98,5997,6710,409,433
,422,741
1450.00,423,6384,147,29090,6995,987,7515,52999,106,7270,98,100,11304,6708,410,43
3,419,742
1453.00,419,6460,147,29318,6989,983,6536,52998,107,7270,99,100,5999,6710,409,432
,419,741
1456.00,412,6385,147,27685,6989,985,7509,52999,106,7271,99,100,11314,6709,409,43
1,422,741
1459.00,400,6383,146,28078,6986,985,6537,52998,105,7273,99,99,6003,6711,409,432,
424,742
1462.00,378,6384,147,29320,6989,986,7494,52999,105,7272,99,100,11333,6710,408,43
2,425,742
1465.00,398,6304,145,28585,6989,985,6543,52999,106,7273,100,100,5998,6712,409,43
3,422,742
1468.00,446,6383,146,28895,6992,988,7503,53000,107,7273,100,100,11321,6713,408,4
33,422,741
1471.00,463,6304,147,29089,6994,986,6544,52999,106,7271,99,99,6000,6714,409,432,
420,742
1474.00,458,6304,147,29502,6995,987,7504,52997,105,7271,99,100,11321,6713,408,43
1,418,742
1477.00,440,6303,145,29502,6993,984,6542,52999,106,7276,100,99,5997,6713,408,429
,415,742
1480.00,426,6304,147,29089,6992,985,7505,52998,107,7276,100,99,11322,6714,409,42
8,415,741
1483.00,389,6252,146,29594,6989,988,6545,52999,105,7277,99,99,5997,6711,409,427,
416,741
1486.00,368,6252,147,29091,6981,984,7501,52999,106,7276,99,98,11322,6711,409,428
,417,742
1489.00,342,6252,146,29592,6972,987,6544,52998,106,7278,100,99,5998,6715,408,428
,418,742
1492.00,354,6331,147,29411,6968,984,7504,52998,105,7278,99,100,11319,6715,409,42
8,419,742
1495.00,376,6251,146,29914,6965,987,6540,52999,105,7278,98,100,6002,6714,408,428
,416,741
1498.00,376,6198,147,28909,6961,983,7494,52999,105,7278,99,101,11333,6715,408,42
8,416,742
1501.00,386,6198,147,28584,6954,983,6550,52998,105,7281,100,99,5997,6715,407,428
,418,741
1504.00,380,6200,147,28586,6951,981,7510,52999,107,7280,98,100,11311,6715,408,42
9,421,742
1507.00,363,6199,146,27586,6946,981,6540,52999,106,7281,99,100,6005,6717,407,430
,422,742
1510.00,369,6202,147,29320,6933,982,7493,52998,105,7280,99,100,11335,6719,407,43
1,423,742
1513.00,392,6129,148,29089,6929,981,6548,52998,106,7284,99,101,6000,6721,407,430
,422,741
1516.00,400,6137,148,28815,6929,980,7493,52998,106,7283,100,99,11330,6723,408,43
0,420,742
1519.00,410,6228,146,28467,6927,983,6549,52998,106,7282,99,101,5999,6722,407,431
,421,741
1522.00,404,6240,148,28081,6933,982,7499,52997,107,7282,100,99,11322,6723,407,43
1,422,742
1525.00,396,6325,148,28400,6930,982,6548,52998,106,7282,100,100,5999,6722,406,43
1,423,742
1528.00,403,6328,146,29091,6928,984,7509,52998,105,7283,99,100,11311,6726,407,43
0,422,742
1531.00,406,6329,147,28604,6927,981,6547,52998,106,7284,100,100,5999,6725,406,43
0,421,741
1534.00,421,6330,146,29504,6925,981,7497,52998,106,7285,99,101,11325,6724,407,43
1,422,742
1537.00,428,6330,146,28997,6920,984,6548,53000,106,7288,101,100,6000,6725,407,43
1,422,742
1540.00,411,6172,147,29504,6920,985,7497,52998,107,7286,100,100,11327,6725,407,4
31,420,742
1543.00,402,6251,147,29096,6918,986,6551,52998,107,7286,99,100,5999,6728,406,429
,417,742
1546.00,396,6251,148,28905,6914,982,7495,52998,106,7288,99,100,11328,6724,405,42
7,415,742
1549.00,385,6329,146,27850,6915,982,6553,52998,106,7289,101,99,6000,6724,408,426
,415,742
1552.00,364,6329,147,29320,6921,984,7491,52998,105,7289,99,100,11335,6725,407,42
6,418,742
1555.00,340,6252,147,28908,6919,986,6554,52999,106,7290,101,101,5998,6725,406,42
6,416,743
1558.00,317,6174,147,29407,6907,989,7494,52998,105,7289,99,100,11332,6724,408,42
7,413,742
1561.00,315,6199,150,29502,6900,981,6555,52996,106,7289,100,100,6001,6725,407,42
5,413,741
1564.00,300,6200,150,29917,6891,65536,7490,52998,106,7290,100,100,11343,6725,406
,424,413,742
1567.00,268,6199,147,30008,6879,65536,6562,52998,107,7293,101,101,5996,6727,406,
423,410,742
1570.00,241,6147,147,29826,6870,65536,7498,52998,107,7292,99,100,11329,6724,406,
422,404,742
1573.00,203,6067,147,29437,6857,65536,6558,52999,105,7295,100,99,6004,6725,406,4
20,401,741
1576.00,170,6015,147,29505,6843,65536,7500,52998,106,7294,100,99,11331,6723,407,
417,399,742
1579.00,143,6014,147,29503,6824,65536,6557,52998,106,7295,100,99,6006,6723,405,4
15,398,742
1582.00,119,5884,148,29507,6815,65536,7496,52998,106,7295,99,99,11339,6720,406,4
13,397,742
1585.00,111,5833,146,29596,6799,65536,6564,52998,105,7295,99,100,6002,6723,406,4
12,399,743
1588.00,97,5832,148,30012,6788,65536,7500,52997,106,7295,100,99,11332,6722,406,4
12,399,742
1591.00,84,5755,147,29412,6777,65536,6562,52998,105,7297,100,101,6000,6726,405,4
12,399,741
1594.00,82,5702,148,29507,6763,65536,7494,52998,106,7296,101,100,11346,6723,405,
411,398,742
1597.00,78,5674,146,29407,6753,65536,6563,52998,107,7299,100,100,6005,6725,404,4
12,397,742
1600.00,71,5598,146,29826,6741,65536,7487,52999,106,7299,99,99,11351,6726,403,41
1,397,742
1603.00,67,5517,146,30008,6733,65536,6568,52998,107,7301,100,100,5997,6725,402,4
10,396,742
1606.00,60,5543,147,30148,6725,65536,7493,52996,106,7297,99,100,11338,6726,402,4
10,396,741
1609.00,60,5492,147,30009,6716,65536,6563,52998,106,7300,100,100,6005,6726,403,4
10,396,741
1612.00,60,5492,147,29919,6706,65536,7484,52999,107,7300,99,100,11357,6724,403,4
09,394,742
1615.00,60,5491,147,30147,6699,65536,6569,52999,107,7300,99,100,5997,6727,403,40
8,394,742
1618.00,52,5439,146,30011,6691,65536,7494,52999,107,7302,100,101,11340,6728,402,
407,394,743
1621.00,51,5360,147,29597,6683,65536,6569,52998,106,7303,100,100,5997,6727,401,4
07,394,743
1624.00,54,5362,147,29598,6675,65536,7501,52998,106,7302,99,99,11334,6727,400,40
7,393,742
1627.00,41,5308,147,29917,6668,65536,6565,52998,106,7303,99,100,6004,6728,401,40
7,392,742
1630.00,47,5335,146,29919,6661,65536,7490,53000,106,7303,101,101,11348,6729,400,
406,392,742
1633.00,45,5255,147,29915,6657,65536,6568,52998,106,7304,100,101,6003,6732,399,4
06,392,742
1636.00,41,5203,146,29870,6654,65536,7484,52999,107,7305,99,100,11358,6732,399,4
07,391,742
1639.00,41,5202,147,29597,6646,65536,6573,52998,107,7307,99,99,6003,6732,399,406
,391,742
1642.00,41,5125,148,29414,6641,65536,7483,53000,107,7306,101,101,11361,6731,398,
407,392,743
1645.00,41,5072,147,29824,6635,65536,6572,52997,106,7306,101,100,5999,6733,399,4
06,393,743
1648.00,34,5073,147,29828,6628,65536,7495,52998,107,7307,100,99,11338,6733,398,4
06,392,742
1651.00,37,5070,146,29917,6623,65536,6569,52998,106,7308,100,99,6001,6733,398,40
8,391,742
1654.00,38,5019,146,29600,6615,65536,7490,52997,106,7307,99,99,11346,6735,397,40
6,391,742
1657.00,34,5098,147,30009,6612,65536,6570,52999,107,7307,100,101,6003,6736,396,4
06,389,742
1660.00,35,5019,146,30149,6607,65536,7486,52999,107,7308,100,100,11346,6736,397,
405,387,743
1663.00,33,4969,146,29720,6601,65536,6570,52998,106,7308,98,101,6007,6734,396,40
4,388,742
1666.00,31,4966,147,30011,6598,65536,7473,52999,107,7307,100,100,11370,6735,396,
403,388,742
1669.00,33,4888,147,29826,6596,65536,6577,52998,107,7309,99,100,6000,6735,396,40
3,386,743
1672.00,30,4887,146,29829,6590,65536,7482,52998,106,7308,99,101,11357,6736,395,4
02,387,743
1675.00,31,4888,147,29595,6588,65536,6571,52998,106,7311,100,99,6004,6738,395,40
2,387,742
1678.00,27,4889,146,29919,6582,65536,7489,52999,106,7311,99,100,11350,6736,395,4
03,388,742
1681.00,31,4759,146,29918,6580,65536,6574,53000,106,7313,100,99,6003,6739,393,40
2,388,743
1684.00,29,4837,147,29920,6577,65536,7485,52999,106,7312,101,101,11354,6738,393,
401,387,743
1687.00,30,4839,146,29594,6579,65536,6573,52997,106,7313,99,100,6005,6739,393,40
2,387,743
1690.00,25,4710,148,30010,6576,65536,7478,52998,107,7314,99,101,11361,6739,393,4
02,387,743
1693.00,28,4711,148,29596,6573,65536,6577,52998,106,7312,99,100,6002,6743,392,40
2,386,743
1696.00,32,4737,146,30150,6568,65536,7481,52999,107,7312,100,101,11356,6741,392,
401,385,741
1699.00,23,4661,146,29506,6567,65536,6577,52998,108,7316,101,100,6002,6744,392,4
00,385,742
1702.00,27,4663,147,29558,6563,65536,7476,52998,107,7313,99,100,11364,6743,391,4
00,386,743
1705.00,33,4612,147,29826,6556,65536,6578,52998,107,7314,100,99,6004,6744,392,39
9,385,743
1708.00,16,4612,146,29599,6548,65536,7472,52998,107,7313,100,100,11371,6742,391,
398,383,742
1711.00,28,4613,146,30148,6541,65536,6581,52999,106,7315,99,99,6002,6743,391,397
,382,742
1714.00,26,4538,147,30235,6532,65536,7481,52998,107,7315,100,99,11357,6743,390,3
97,381,743
1717.00,23,4565,147,30148,6525,65536,6577,52997,105,7316,100,101,6003,6744,389,3
96,381,742
1720.00,21,4567,148,29508,6519,65536,7482,52998,107,7316,100,101,11357,6744,389,
395,380,742
1723.00,31,4518,145,29826,6509,65536,6579,52998,107,7318,100,100,6005,6745,390,3
95,380,742
1726.00,19,4521,146,29101,6501,65536,7475,52996,106,7317,99,101,11369,6745,389,3
95,380,743
1729.00,26,4523,146,30009,6493,65536,6584,52999,105,7316,101,101,5999,6747,389,3
94,380,742
1732.00,21,4476,146,29508,6486,65536,7478,52998,106,7318,99,100,11361,6744,388,3
95,380,743
1735.00,20,4455,147,29827,6477,65536,6580,52999,107,7320,99,100,6004,6749,388,39
3,380,742
1738.00,24,4360,147,29507,6469,65536,7473,52999,106,7320,100,101,11372,6748,387,
395,380,742
1741.00,24,4340,146,29918,6461,65536,6584,52999,108,7320,101,100,6001,6747,388,3
95,381,742
1744.00,25,4324,147,29923,6454,65536,7470,52998,105,7321,99,100,11372,6751,388,3
93,381,742
1747.00,22,4269,146,29505,6447,65536,6584,52998,107,7320,99,100,6005,6751,388,39
3,381,743
1750.00,13,4266,146,29829,6443,65536,7467,53000,106,7320,101,101,11379,6748,387,
393,379,742
1753.00,23,4213,148,30012,6433,65536,6584,53000,106,7322,100,101,6005,6750,387,3
93,378,742
1756.00,25,4215,146,30014,6429,65536,7468,52998,106,7321,100,100,11378,6750,385,
393,378,742
1759.00,15,4213,146,30009,6424,65536,6589,52998,106,7323,100,100,6003,6752,386,3
93,379,743
1762.00,29,4214,147,30241,6418,65536,7473,52999,106,7321,101,100,11368,6752,385,
392,379,743
1765.00,18,4216,148,29596,6414,65536,6586,52998,107,7325,100,100,6006,6756,386,3
93,380,743
1768.00,23,4164,147,29920,6408,65536,7470,52998,108,7322,100,100,11376,6752,384,
393,379,743
1771.00,23,4163,147,29596,6403,65536,6586,52998,106,7325,100,101,6004,6754,386,3
94,381,743
1774.00,19,4163,147,30149,6402,65536,7467,52999,106,7326,100,101,11376,6755,385,
394,380,743
1777.00,18,4111,148,30015,6395,65536,6588,52998,106,7325,99,100,6004,6756,384,39
5,381,743
1780.00,21,4112,146,29717,6392,65536,7467,52997,107,7324,101,100,11376,6755,383,
394,380,742
1783.00,21,4111,147,30010,6391,65536,6588,52998,107,7326,100,101,6004,6755,384,3
94,379,743
1786.00,19,4112,147,29922,6386,65536,7464,52998,106,7327,101,101,11377,6758,384,
394,381,742
1789.00,18,4111,146,29597,6384,65536,6588,52999,107,7325,100,100,6004,6758,383,3
94,380,743
1792.00,25,4035,147,29921,6381,65536,7467,52998,107,7328,99,100,11374,6759,382,3
93,379,743
1795.00,17,4035,147,29598,6380,65536,6589,52998,107,7326,99,100,6004,6759,382,39
5,378,743
1798.00,20,4035,147,30151,6379,65536,7476,52999,106,7326,101,101,11361,6758,382,
392,378,742
1801.00,20,4035,146,30012,6376,65536,6585,52998,107,7326,101,101,6009,6760,383,3
91,377,742
1804.00,21,4035,147,29598,6377,65536,7460,52997,107,7326,100,101,11388,6760,381,
392,378,742
1807.00,21,4035,147,29923,6376,65536,6594,52998,107,7329,101,101,6004,6762,382,3
92,377,743
1810.00,14,4037,147,30014,6374,65536,7468,52999,107,7329,101,100,11374,6759,382,
392,377,743
1813.00,22,4036,146,30149,6373,65536,6591,52998,107,7331,100,100,6006,6762,381,3
91,377,742
1816.00,17,3985,145,30151,6372,65536,7463,52999,106,7327,100,101,11379,6762,380,
391,376,743
1819.00,16,3983,146,30148,6370,65536,6590,52997,108,7329,100,100,6009,6763,381,3
91,377,742
1822.00,21,3984,147,29600,6368,65536,7469,52998,106,7330,99,100,11377,6765,381,3
90,376,743
1825.00,17,3982,147,29506,6366,65536,6593,52998,107,7332,100,100,6006,6764,381,3
89,377,742
1828.00,16,3984,146,29599,6362,65536,7464,52998,107,7330,100,100,11379,6763,379,
390,376,742
1831.00,19,4061,147,29108,6359,65536,6591,53000,106,7331,100,101,6007,6764,380,3
90,376,743
1834.00,21,4010,148,29601,6356,65536,7459,52999,107,7332,101,101,11386,6763,380,
390,374,743
1837.00,17,3932,147,29322,6355,65536,6592,52997,107,7332,101,99,6010,6767,380,38
9,375,743
1840.00,16,3933,147,29921,6351,65536,7457,52998,107,7333,100,100,11391,6764,379,
390,376,742
1843.00,21,3930,147,30012,6348,65536,6595,52999,107,7335,100,101,6006,6767,379,3
89,375,743
1846.00,20,3932,147,29830,6346,65536,7466,52997,106,7333,100,100,11374,6769,379,
390,376,742
1849.00,15,3932,147,29598,6344,65536,6594,52999,106,7336,101,101,6006,6769,378,3
91,376,743
1852.00,19,3880,147,29830,6340,65536,7466,52998,108,7336,99,101,11374,6768,378,3
90,375,743
1855.00,18,3880,146,30010,6341,65536,6592,52999,108,7336,101,100,6010,6770,378,3
90,375,743
1858.00,15,3880,146,29594,6338,65536,7455,52999,106,7335,101,100,11388,6769,378,
390,376,743
1861.00,20,3881,147,29828,6336,65536,6597,52998,106,7334,101,101,6008,6770,378,3
90,376,742
1864.00,14,3880,146,29830,6333,65536,7461,52998,106,7335,99,100,11383,6773,378,3
90,375,743
1867.00,16,3880,149,29596,6331,65536,6596,52999,107,7333,100,100,6008,6771,377,3
90,375,744
1870.00,24,3881,147,29892,6329,65536,7460,52998,106,7334,99,101,11385,6771,378,3
90,375,743
1873.00,12,3828,146,30149,6327,65536,6597,52997,107,7336,100,100,6010,6773,376,3
90,375,743
1876.00,16,3830,146,28499,6325,65536,7458,52997,108,7337,101,101,11388,6772,377,
391,376,743
1879.00,19,3827,147,28496,6322,65536,6597,52998,107,7338,100,100,6011,6774,377,3
91,375,743
1882.00,15,3880,146,28357,6318,65536,7449,52999,106,7336,99,101,11400,6775,377,3
89,374,743
1885.00,16,3828,146,27259,6315,65536,6600,52998,106,7338,100,101,6008,6776,376,3
90,374,743
1888.00,17,3881,146,28817,6310,65536,7453,52998,106,7339,101,100,11395,6775,376,
389,374,743
1891.00,19,3829,146,27580,6309,65536,6598,52997,106,7339,101,100,6010,6779,377,3
88,374,743
1894.00,13,3881,148,27871,6303,65536,7450,52997,108,7340,100,101,11394,6777,376,
389,373,744
1897.00,16,3829,148,27083,6298,65536,6600,52999,107,7342,100,102,6009,6776,376,3
88,372,744
1900.00,14,3829,146,29323,6294,65536,7453,52997,107,7341,101,100,11394,6778,376,
388,372,743
1903.00,17,3830,146,29918,6291,65536,6598,52998,107,7341,101,100,6007,6778,376,3
88,372,743
1906.00,18,3829,148,29510,6289,65536,7457,52998,107,7342,101,100,11387,6779,375,
388,372,743
1909.00,14,3828,147,29826,6291,65536,6599,52999,106,7343,100,101,6008,6778,375,3
88,373,743
1912.00,18,3829,147,29831,6290,65536,7451,52997,107,7343,99,100,11393,6776,375,3
88,373,743
1915.00,17,3831,147,29827,6290,65536,6601,52998,107,7344,100,102,6007,6779,375,3
89,373,743
1918.00,12,3882,147,29600,6294,65536,7447,52998,107,7341,101,99,11401,6779,374,3
88,373,743
1921.00,18,3880,147,29512,6295,65536,6602,52999,107,7342,101,99,6010,6781,375,38
7,374,742
1924.00,14,3958,146,29923,6297,65536,7458,52997,107,7343,100,100,11383,6780,374,
386,374,743
1927.00,14,4009,148,29598,6300,65536,6599,52997,107,7344,100,100,6011,6782,375,3
87,373,743
1930.00,14,3932,146,29600,6302,65536,7451,52999,107,7345,100,102,11396,6782,374,
387,373,743
1933.00,13,3932,147,29508,6300,65536,6602,52997,106,7346,101,100,6009,6784,376,3
86,373,743
1936.00,18,3983,147,29831,6304,65536,7453,52997,107,7346,100,101,11392,6782,373,
387,373,743
1939.00,16,3984,147,29322,6304,65536,6601,52998,106,7347,100,100,6012,6784,375,3
86,374,743
1942.00,16,4037,148,29600,6305,65536,7452,52998,108,7347,101,100,11398,6784,373,
386,374,742
1945.00,13,4035,147,29415,6305,65536,6604,52998,108,7347,101,100,6009,6784,373,3
87,374,742
1948.00,13,4036,146,29325,6309,65536,7453,52998,107,7347,100,102,11391,6785,373,
387,373,743
1951.00,14,4039,146,29506,6309,65536,6603,52998,106,7346,99,101,6012,6785,373,38
8,373,743
1954.00,13,4126,146,29510,6313,65536,7443,52997,108,7345,101,101,11409,6786,372,
388,374,743
1957.00,14,4137,147,29920,6315,65536,6607,52999,106,7347,100,101,6009,6786,372,3
87,374,744
1960.00,11,4149,146,29922,6320,65536,7451,52999,106,7347,101,100,11395,6785,373,
387,374,743
1963.00,11,4158,147,29827,6321,65536,6605,53000,107,7349,100,101,6011,6789,372,3
88,373,742
1966.00,13,4214,147,29325,6321,65536,7441,52998,107,7350,100,100,11409,6787,372,
387,373,743
1969.00,15,4164,147,29506,6326,65536,6604,52998,106,7349,101,100,6014,6789,372,3
88,373,744
1972.00,13,4164,147,30013,6324,65536,7438,52999,108,7353,100,101,11415,6788,372,
387,373,743
1975.00,12,4164,147,29829,6325,65536,6608,52998,107,7352,100,101,6012,6790,372,3
88,372,743
1978.00,11,4215,147,30015,6326,65536,7443,52998,108,7348,100,100,11409,6791,372,
387,372,743
1981.00,15,4216,145,29917,6324,65536,6607,52998,107,7351,100,102,6012,6791,372,3
87,372,744
1984.00,3,4216,147,29832,6322,65536,7439,52999,107,7352,100,101,11412,6791,372,3
87,371,743
1987.00,14,4215,147,29829,6320,65536,6608,52998,108,7353,101,101,6010,6792,372,3
87,371,744
1990.00,10,4215,146,29830,6317,65536,7448,52999,107,7353,101,99,11397,6791,372,3
86,371,744
1993.00,4,4163,146,29415,6314,65536,6608,52998,107,7352,101,100,6011,6793,371,38
7,371,743
1996.00,13,4165,147,28822,6312,65536,7442,52998,107,7354,100,101,11407,6791,370,
386,371,742
1999.00,12,4164,146,28988,6306,65536,6609,52998,108,7355,101,102,6011,6793,372,3
84,371,743
2002.00,3,4163,148,28820,6301,65536,7446,52999,107,7354,101,100,11400,6793,372,3
84,371,743
2005.00,10,4086,146,28588,6299,65536,6608,53000,107,7356,100,100,6013,6794,371,3
85,371,743
2008.00,10,4164,147,28407,6293,65536,7442,52998,106,7356,102,100,11404,6796,370,
385,371,742
2011.00,8,4163,146,28582,6292,65536,6609,52999,107,7356,101,101,6014,6794,370,38
4,371,743
2014.00,9,4086,147,27857,6287,65536,7440,52997,107,7356,101,100,11409,6793,371,3
83,370,743
2017.00,10,4087,147,27991,6282,65536,6610,52998,107,7357,101,101,6010,6795,370,3
84,371,743
2020.00,9,4164,146,28407,6283,65536,7440,52998,107,7358,101,100,11407,6794,370,3
82,370,743
2023.00,9,4164,147,27860,6279,65536,6610,52998,108,7360,100,102,6014,6796,370,38
4,370,743
2026.00,11,4089,147,28269,6275,65536,7436,52997,107,7359,99,100,11414,6796,370,3
83,370,743
2029.00,9,4113,147,29004,6274,65536,6612,52999,106,7360,100,102,6012,6798,369,38
4,370,743
2032.00,10,4035,147,29004,6270,65536,7431,52999,107,7359,100,101,11421,6799,370,
384,370,744
2035.00,8,4112,148,29322,6267,65536,6612,52997,107,7361,100,100,6012,6799,369,38
4,369,743
2038.00,8,4034,148,29832,6264,65536,7431,52998,108,7362,100,101,11419,6798,370,3
81,370,743
2041.00,9,4113,147,29557,6261,65536,6613,52998,108,7360,101,101,6015,6801,370,38
2,370,743
2044.00,7,3984,147,29924,6259,65536,7433,52997,107,7363,100,102,11420,6799,370,3
83,369,743
2047.00,5,3982,146,29507,6252,65536,6614,52999,108,7363,101,101,6010,6801,370,38
3,370,743
2050.00,9,4011,147,29922,6252,65536,7440,52997,106,7363,102,102,11411,6802,369,3
83,370,743
2053.00,8,4009,147,30150,6250,65536,6613,52999,108,7363,101,100,6016,6801,369,38
3,369,744
2056.00,4,3932,146,30015,6250,65536,7426,52999,108,7361,100,100,11424,6801,370,3
84,371,743
2059.00,7,3934,146,29415,6251,65536,6614,52999,106,7364,100,102,6013,6802,368,38
3,372,744
2062.00,5,3880,146,30015,6252,65536,7431,52998,108,7364,100,101,11418,6800,369,3
84,371,743
2065.00,4,3880,146,29603,6258,65536,6614,52999,107,7364,101,101,6015,6805,368,38
3,372,743
2068.00,6,3881,146,29923,6260,65536,7432,52999,108,7365,102,101,11418,6803,370,3
86,371,743
2071.00,6,4011,147,29599,6265,65536,6615,52998,108,7367,102,102,6012,6807,368,38
5,372,744
2074.00,3,3932,146,29924,6267,65536,7434,52998,107,7366,101,101,11414,6805,368,3
85,372,744
2077.00,11,3932,146,29828,6270,65536,6614,52998,106,7367,100,101,6013,6808,368,3
86,372,744
2080.00,5,3933,147,29510,6275,65536,7426,52998,108,7366,101,101,11423,6806,368,3
86,372,743
2083.00,4,4010,147,29919,6277,65536,6614,52998,106,7369,100,100,6014,6806,368,38
7,372,743
2086.00,5,4011,146,29511,6282,65536,7421,52999,108,7366,101,100,11431,6809,368,3
86,372,743
2089.00,6,4011,147,29599,6286,65536,6619,52998,107,7367,100,101,6011,6809,368,38
6,372,743
2092.00,6,4011,148,30105,6286,65536,7429,52999,106,7366,102,100,11422,6808,368,3
86,372,743
2095.00,5,3985,147,29096,6288,65536,6617,52999,106,7369,101,101,6015,6810,368,38
5,372,743
2098.00,6,3986,147,29097,6290,65536,7419,52998,107,7369,101,100,11439,6809,368,3
85,372,743
2101.00,4,4037,147,29507,6289,65536,6620,52999,108,7369,101,101,6013,6810,367,38
5,372,744
2104.00,6,4063,148,28976,6289,65536,7427,52998,108,7369,100,101,11427,6811,368,3
85,371,744
2107.00,4,4064,147,29599,6290,65536,6618,53000,107,7368,101,101,6014,6812,368,38
4,372,744
2110.00,3,3985,147,29833,6287,65536,7424,52998,107,7370,101,102,11426,6810,368,3
85,372,743
2113.00,6,4038,146,29507,6289,65536,6619,52998,108,7371,101,101,6016,6811,368,38
5,372,743
2116.00,2,4114,147,29831,6287,65536,7421,52998,108,7372,101,101,11434,6811,368,3
84,372,744
2119.00,1,4116,148,29960,6286,65536,6620,52999,107,7373,101,100,6016,6812,368,38
5,373,744
2122.00,3,4038,146,29923,6285,65536,7423,52999,107,7372,100,101,11429,6811,367,3
85,372,744
2125.00,5,4040,147,29417,6287,65536,6621,52999,108,7374,101,102,6016,6813,367,38
4,371,743
2128.00,5,4118,147,29603,6287,65536,7425,52998,107,7373,101,101,11431,6815,368,3
83,372,743
2131.00,1,4118,146,29912,6286,65536,6620,52998,107,7374,100,100,6015,6814,368,38
5,372,744
2134.00,0,4119,148,30152,6288,65536,7411,52998,108,7376,101,100,11446,6813,367,3
84,371,743
2137.00,6,4171,147,29830,6291,65536,6624,52997,108,7376,101,100,6011,6817,368,38
5,373,744
2140.00,6,4171,147,28273,6290,65536,7422,52998,107,7376,100,102,11425,6816,368,3
86,372,744
2143.00,6,4097,147,29088,6291,65536,6622,52999,107,7377,101,101,6015,6819,367,38
6,372,743
2146.00,5,4097,148,30148,6291,65536,7414,52998,107,7377,101,101,11440,6817,367,3
86,373,743
2149.00,9,4099,147,29509,6292,65536,6624,52999,108,7376,101,101,6015,6819,367,38
6,373,744
2152.00,3,4175,147,29603,6295,65536,7414,52997,107,7378,102,100,11445,6819,368,3
86,373,743
2155.00,5,4179,147,29828,6294,65536,6626,52998,108,7379,100,101,6018,6820,367,38
6,372,744
2158.00,4,4233,146,29511,6297,65536,7413,52998,107,7379,101,101,11445,6821,367,3
85,372,743
2161.00,4,4234,148,29324,6298,65536,6626,52999,108,7381,101,101,6015,6820,366,38
5,372,744
2164.00,8,4236,148,28409,6296,65536,7419,52999,107,7381,100,101,11435,6820,368,3
84,371,744
2167.00,5,4369,146,28819,6300,65536,6625,52998,107,7380,100,102,6016,6822,367,38
4,371,743
2170.00,9,4368,147,29426,6301,65536,7422,52998,109,7383,101,102,11430,6821,367,3
85,372,743
2173.00,2,4321,148,28407,6301,65536,6621,52999,108,7383,100,101,6020,6822,366,38
3,372,743
