seconds,CO,CO2,PMred,flow,fluetemp,ThermoCo,PMgreen,FlowGrav,COtemp,gastemp,rlas,temp,rboxtemp,glastemp,gboxtemp,gasboxRH,chiptemp
1.0,1.3392000000000002,645.8599999999999,10034.4,0.0,23.92299,22.200000000000003,6059.0,52748.0,23.18,24.9174,22.448,22.936,16.59255,24.52497,0.0,0.0,29.0
4.0,-10.6272,653.084,9966.6,0.0,23.91918,22.1,7810.0,52787.0,23.424,24.92121,22.692,23.18,31.30296,24.52497,0.0,0.0,730.0
7.0,7.8192,649.9879999999999,9898.8,0.0,23.92299,22.1,4707.0,52820.0,23.18,24.93264,22.448,23.18,17.89176,24.521160000000002,0.0,0.0,729.0
10.0,-2.8512,660.136,9966.6,0.0,23.91918,22.200000000000003,7829.0,52846.0,23.668,24.93264,22.448,23.18,32.25927,24.52497,0.0,0.0,730.0
13.0,-1.3392000000000002,644.3119999999999,9831.0,0.0,23.92299,22.200000000000003,4849.0,52869.0,23.18,24.94407,22.448,22.936,18.38706,24.52497,0.0,0.0,729.0
16.0,1.7280000000000002,652.2239999999999,10034.4,0.0,23.91537,22.200000000000003,7836.0,52887.0,23.424,24.94788,22.692,22.936,33.25749,24.521160000000002,0.0,0.0,730.0
19.0,-1.6416000000000002,651.536,9898.8,0.0,23.92299,22.200000000000003,4971.0,52903.0,23.424,24.94788,22.692,22.936,18.84426,24.52878,0.0,0.0,730.0
22.0,0.0,660.4799999999999,9831.0,0.0,23.91156,22.1,7839.0,52918.0,23.424,24.95931,22.448,23.18,34.24047,24.52497,0.0,0.0,30.0
25.0,0.3456,660.824,9831.0,0.0,23.89632,22.1,5085.0,52930.0,23.18,24.96312,22.448,23.18,19.24812,24.53259,0.0,0.0,30.0
28.0,-0.9072,682.6679999999999,9898.8,0.0,23.88489,22.1,7843.0,52939.0,23.424,24.96693,22.692,22.936,35.01771,24.53259,0.0,0.0,730.0
31.0,0.0432,669.5959999999999,9898.8,0.0,23.88108,22.1,5176.0,52947.0,23.18,24.98217,22.692,22.936,19.68627,24.53259,0.0,0.0,29.0
34.0,-0.2592,682.6679999999999,9898.8,0.0,23.86965,22.1,7846.0,52957.0,23.424,24.98598,22.448,22.936,35.89782,24.5364,0.0,0.0,730.0
37.0,-0.4752,669.5959999999999,9966.6,0.0,23.8506,22.1,5275.0,52961.0,23.424,24.98979,22.692,23.18,20.13585,24.52878,0.0,0.0,729.0
40.0,-0.21600000000000003,669.7679999999999,9898.8,0.0,23.83155,22.1,7850.0,52969.0,22.936,25.00122,22.448,23.18,36.67506,24.53259,0.0,0.0,730.0
43.0,-0.2592,669.7679999999999,9898.8,0.0,23.82774,22.1,5369.0,52971.0,23.18,25.00503,22.448,22.692,20.58162,24.540210000000002,0.0,0.0,730.0
46.0,-0.3024,678.1959999999999,9966.6,0.0,23.81631,22.1,7851.0,52977.0,23.424,25.01646,22.448,23.18,37.46373,24.540210000000002,0.0,0.0,730.0
49.0,-0.3024,669.424,9898.8,0.0,23.79345,22.1,5471.0,52981.0,23.18,25.01265,22.692,23.18,20.993100000000002,24.5364,0.0,0.0,730.0
52.0,-0.3456,669.5959999999999,10034.4,0.0,23.78202,22.1,7853.0,52983.0,23.668,25.02789,22.448,23.18,38.1381,24.5364,0.0,0.0,730.0
55.0,-0.3024,669.7679999999999,9966.6,0.0,23.77059,22.1,5555.0,52985.0,23.668,25.0317,22.692,23.18,21.39315,24.53259,0.0,0.0,730.0
58.0,-0.21600000000000003,669.5959999999999,9966.6,0.0,23.76297,22.1,7850.0,52987.0,23.424,25.03932,22.692,23.18,38.77437,24.540210000000002,0.0,0.0,730.0
61.0,-0.2592,669.7679999999999,9898.8,0.0,23.77059,22.1,5629.0,52989.0,23.424,25.04694,22.448,22.692,21.69414,24.53259,0.0,0.0,730.0
64.0,-0.3456,678.54,10034.4,0.0,23.77059,22.1,7845.0,52990.0,23.668,25.05456,22.448,22.936,39.23919,24.53259,0.0,0.0,730.0
67.0,-0.21600000000000003,678.54,9966.6,0.0,23.76678,22.1,5697.0,52991.0,23.668,25.05456,22.692,23.18,21.9456,24.5364,0.0,0.0,730.0
70.0,-0.2592,678.8839999999999,9898.8,0.0,23.76297,22.1,7836.0,52994.0,23.424,25.0698,22.692,22.936,39.64305,24.5364,0.0,0.0,730.0
73.0,-0.2592,678.712,10034.4,0.0,23.76678,22.1,5746.0,52993.0,23.424,25.07361,22.692,23.18,22.124670000000002,24.55164,0.0,0.0,730.0
76.0,-0.3456,678.3679999999999,10102.199999999999,0.0,23.75154,22.1,7825.0,52993.0,23.424,25.07361,22.448,22.692,39.94404,24.54402,0.0,0.0,731.0
79.0,-0.1296,678.54,9898.8,0.0,23.74392,22.1,5792.0,52992.0,23.424,25.07742,22.448,23.18,22.26564,24.54402,0.0,0.0,730.0
82.0,-0.1728,678.3679999999999,9898.8,0.0,23.7363,22.1,7809.0,52994.0,23.668,25.08504,22.448,23.18,40.20693,24.55164,0.0,0.0,730.0
85.0,-0.3456,678.3679999999999,9966.6,0.0,23.71725,22.1,5827.0,52996.0,23.424,25.10409,22.448,23.18,22.37994,24.54783,0.0,0.0,730.0
88.0,-0.21600000000000003,678.1959999999999,9966.6,0.0,23.70963,22.1,7793.0,52995.0,23.424,25.1079,22.448,22.936,40.43172,24.55164,0.0,0.0,731.0
91.0,-0.21600000000000003,678.54,9966.6,0.0,23.6982,22.1,5854.0,52996.0,23.424,25.11171,22.692,23.18,22.44852,24.55545,0.0,0.0,730.0
94.0,-0.3456,669.7679999999999,10034.4,0.0,23.68677,22.1,7779.0,52996.0,23.424,25.12314,22.692,23.18,40.60317,24.559260000000002,0.0,0.0,730.0
97.0,-0.0864,669.9399999999999,9966.6,0.0,23.67153,22.1,5877.0,52997.0,23.424,25.13076,22.692,23.18,22.49805,24.56307,0.0,0.0,731.0
100.0,-0.3024,660.996,10034.4,0.0,23.66772,21.8,7776.0,52998.0,23.424,25.13076,22.448,22.936,40.67175,24.55545,0.0,0.0,730.0
103.0,-0.21600000000000003,660.824,9898.8,0.0,23.67153,22.0,5892.0,52996.0,23.912,25.13838,22.692,23.18,22.53615,24.55545,0.0,0.0,730.0
106.0,-0.2592,652.2239999999999,9898.8,0.0,23.67153,22.1,7768.0,52996.0,23.668,25.14981,22.692,23.424,40.76319,24.56307,0.0,0.0,731.0
109.0,-0.1728,652.396,9898.8,0.0,23.68677,22.1,5903.0,52996.0,23.424,25.15743,22.448,22.936,22.56663,24.5745,0.0,0.0,730.0
112.0,-0.0432,652.2239999999999,9966.6,0.0,23.70201,22.1,7760.0,52997.0,23.424,25.16124,22.692,23.18,40.86606,24.56688,0.0,0.0,731.0
115.0,-0.21600000000000003,652.2239999999999,9966.6,0.0,23.69439,22.1,5922.0,52998.0,23.424,25.17267,22.692,23.18,22.58949,24.56688,0.0,0.0,731.0
118.0,-0.3024,652.396,9898.8,0.0,23.70582,22.1,7757.0,52996.0,23.424,25.16886,22.448,22.936,40.91178,24.56688,0.0,0.0,730.0
121.0,-0.1296,651.88,9898.8,0.0,23.71725,22.1,5936.0,52997.0,23.424,25.18029,22.448,23.18,22.61997,24.578310000000002,0.0,0.0,731.0
124.0,-0.1728,652.0519999999999,9966.6,0.0,23.72487,22.1,7747.0,52998.0,23.424,25.18791,22.936,22.936,40.9956,24.5745,0.0,0.0,731.0
127.0,-0.2592,647.4079999999999,9966.6,0.0,23.73249,22.1,5945.0,52998.0,23.424,25.19553,22.448,22.936,22.65045,24.578310000000002,0.0,0.0,730.0
130.0,-0.1728,638.9799999999999,10034.4,0.0,23.74011,22.1,7741.0,52997.0,23.424,25.20315,22.448,23.18,41.06799,24.58212,0.0,0.0,731.0
133.0,-0.21600000000000003,638.9799999999999,9898.8,0.0,23.75535,22.1,5960.0,52998.0,23.424,25.21077,22.936,22.936,22.67331,24.57069,0.0,0.0,731.0
136.0,-0.1296,652.0519999999999,10034.4,0.0,23.75535,22.1,7736.0,52997.0,23.668,25.21839,22.692,22.936,41.12514,24.578310000000002,0.0,0.0,732.0
139.0,0.0432,638.808,10034.4,0.0,23.77059,22.1,5967.0,52997.0,23.668,25.22601,22.448,22.936,22.69617,24.58593,0.0,0.0,731.0
142.0,-0.1296,647.752,9966.6,0.0,23.7744,24.700000000000003,7732.0,52996.0,23.668,25.23744,22.692,22.936,41.15943,24.578310000000002,0.0,0.0,732.0
145.0,0.0432,647.752,10034.4,0.0,23.78202,25.8,5972.0,52999.0,23.668,25.24125,22.936,22.692,22.69617,24.58593,0.0,0.0,731.0
148.0,-0.0432,638.9799999999999,10170.0,0.0,23.79726,26.1,7733.0,52997.0,23.424,25.24506,22.936,23.18,41.19753,24.578310000000002,0.0,0.0,730.0
151.0,0.0,639.1519999999999,10509.0,0.0,23.82012,28.0,5978.0,52997.0,23.668,25.26411,22.936,22.936,22.67331,24.58593,0.0,0.0,732.0
154.0,0.3456,647.752,10576.8,0.0,23.83536,28.0,7732.0,52998.0,23.668,25.24887,22.448,22.936,41.19753,24.58974,0.0,0.0,732.0
157.0,0.648,661.1679999999999,10373.4,0.0,23.85822,29.400000000000002,5982.0,52997.0,23.424,25.26792,22.692,22.936,22.66188,24.597360000000002,0.0,0.0,732.0
160.0,1.3392000000000002,660.996,10170.0,0.0,23.89632,27.3,7737.0,52997.0,23.912,25.27173,22.448,23.424,41.17086,24.597360000000002,0.0,0.0,732.0
163.0,2.5488,660.996,10441.199999999999,0.0,23.91537,27.200000000000003,5984.0,52997.0,23.668,25.27935,22.692,22.936,22.67712,24.60117,0.0,0.0,731.0
166.0,3.1968,661.1679999999999,10441.199999999999,0.0,23.9268,28.1,7733.0,52997.0,23.912,25.28697,22.692,23.18,41.20134,24.60117,0.0,0.0,731.0
169.0,3.7152000000000003,670.112,10237.8,0.0,23.95347,27.900000000000002,5989.0,52998.0,23.424,25.28316,22.448,22.936,22.67712,24.60498,0.0,0.0,731.0
172.0,3.7152000000000003,687.828,10170.0,0.0,23.96109,29.0,7735.0,52999.0,23.912,25.2984,22.936,22.936,41.20515,24.60117,0.0,0.0,731.0
175.0,3.2832000000000003,696.428,10102.199999999999,0.0,23.97252,30.0,5995.0,52998.0,23.424,25.30602,22.692,22.936,22.68093,24.60879,0.0,0.0,731.0
178.0,3.24,709.8439999999999,9966.6,0.0,23.98395,31.200000000000003,7731.0,52998.0,23.912,25.31364,22.692,23.18,41.2242,24.60117,0.0,0.0,730.0
181.0,3.024,718.7879999999999,10102.199999999999,0.0,23.98776,29.3,5996.0,52998.0,23.668,25.32507,22.692,22.936,22.7076,24.60879,0.0,0.0,731.0
184.0,2.8080000000000003,727.56,10034.4,0.0,23.99538,31.900000000000002,7725.0,52998.0,23.912,25.33269,22.692,22.936,41.29278,24.60879,0.0,0.0,731.0
187.0,2.8944,736.332,9966.6,0.0,24.003,34.0,6010.0,52997.0,23.668,25.3365,22.692,23.18,22.71522,24.61641,0.0,0.0,731.0
190.0,2.9808000000000003,736.5039999999999,9898.8,0.0,24.00681,32.6,7716.0,52999.0,23.424,25.34031,22.936,22.936,41.34993,24.62403,0.0,0.0,731.0
193.0,3.4992,745.276,10034.4,0.0,24.02205,36.6,6023.0,52998.0,23.912,25.34793,22.692,23.18,22.73808,24.61641,0.0,0.0,730.0
196.0,3.3696,758.6919999999999,9898.8,0.0,24.02205,33.9,7721.0,52997.0,23.912,25.34793,22.692,22.936,41.35374,24.62022,0.0,0.0,731.0
199.0,3.5424,772.108,10034.4,0.0,24.01443,31.400000000000002,6023.0,52997.0,23.668,25.36317,22.692,22.936,22.74951,24.62403,0.0,0.0,731.0
202.0,3.8880000000000003,771.9359999999999,9966.6,0.0,24.02586,32.4,7720.0,52998.0,23.668,25.35555,22.936,22.936,41.38422,24.62022,0.0,0.0,731.0
205.0,3.8448,780.536,9966.6,0.0,24.03348,34.0,6026.0,52998.0,23.912,25.37841,22.692,22.936,22.75713,24.62784,0.0,0.0,732.0
208.0,3.7584000000000004,789.996,10034.4,0.0,24.03348,32.7,7712.0,52997.0,23.668,25.38222,22.692,23.18,41.4147,24.61641,0.0,0.0,731.0
211.0,3.672,789.996,9966.6,0.0,24.02967,34.300000000000004,6033.0,52998.0,23.912,25.38222,22.936,23.18,22.75332,24.62403,0.0,0.0,732.0
214.0,3.2832000000000003,789.6519999999999,9898.8,0.0,24.02586,36.300000000000004,7711.0,52998.0,23.912,25.38984,22.692,22.936,41.42232,24.63165,0.0,0.0,732.0
217.0,3.5424,789.6519999999999,9898.8,0.0,24.01824,36.6,6034.0,52999.0,23.668,25.40127,22.692,22.936,22.76094,24.63927,0.0,0.0,732.0
220.0,3.0672,790.684,9966.6,0.0,24.02205,37.0,7712.0,52999.0,23.912,25.40508,22.692,22.936,41.4528,24.63165,0.0,0.0,731.0
223.0,2.7648,791.544,9966.6,0.0,24.0411,36.0,6044.0,52997.0,23.912,25.40508,22.692,22.936,22.76475,24.63546,0.0,0.0,732.0
226.0,2.5488,793.78,9966.6,0.0,24.04872,37.6,7708.0,52998.0,23.912,25.4127,22.936,23.18,41.48709,24.63165,0.0,0.0,732.0
229.0,2.8944,782.256,9898.8,0.0,24.07158,37.6,6048.0,52999.0,23.912,25.42794,22.692,23.424,22.7838,24.63546,0.0,0.0,732.0
232.0,2.9808000000000003,775.0319999999999,9966.6,0.0,24.07539,36.2,7704.0,52998.0,23.912,25.43175,22.936,23.18,41.50995,24.63546,0.0,0.0,732.0
235.0,3.1968,797.736,10034.4,0.0,24.0792,38.1,6056.0,52999.0,23.912,25.43937,22.692,23.18,22.77999,24.64308,0.0,0.0,732.0
238.0,3.5424,785.18,9898.8,0.0,24.09063,39.7,7708.0,52998.0,23.912,25.43937,22.692,22.936,41.50995,24.63546,0.0,0.0,733.0
241.0,3.2832000000000003,798.7679999999999,9966.6,0.0,24.09444,37.0,6052.0,52997.0,23.912,25.44699,22.936,23.18,22.78761,24.64308,0.0,0.0,731.0
244.0,3.1968,798.252,9966.6,0.0,24.10968,38.5,7707.0,52998.0,23.668,25.46223,22.692,22.936,41.51376,24.64689,0.0,0.0,732.0
247.0,3.3696,798.424,9966.6,0.0,24.1173,41.0,6061.0,52996.0,23.668,25.45842,22.936,22.936,22.78761,24.6507,0.0,0.0,731.0
250.0,3.5424,798.7679999999999,9898.8,0.0,24.12111,40.300000000000004,7702.0,52998.0,23.668,25.46985,22.692,23.18,41.55567,24.64689,0.0,0.0,732.0
253.0,3.9744,798.5959999999999,9898.8,0.0,24.13635,41.800000000000004,6068.0,52998.0,23.668,25.47747,22.692,23.18,22.7838,24.65451,0.0,0.0,731.0
256.0,4.0608,798.5959999999999,9966.6,0.0,24.13254,41.1,7695.0,52998.0,23.668,25.47366,22.692,22.936,41.60139,24.65832,0.0,0.0,732.0
259.0,4.1472,798.5959999999999,9966.6,0.0,24.14016,41.900000000000006,6069.0,52998.0,24.156,25.49652,22.936,23.18,22.79523,24.66975,0.0,0.0,732.0
262.0,4.276800000000001,798.5959999999999,9898.8,0.0,24.14397,46.0,7691.0,52998.0,23.912,25.49271,22.692,22.936,41.65092,24.66213,0.0,0.0,732.0
265.0,4.6656,807.712,9966.6,0.0,24.14016,41.2,6083.0,52999.0,23.668,25.50414,22.936,23.424,22.81047,24.65451,0.0,0.0,731.0
268.0,5.486400000000001,807.54,9966.6,0.0,24.15159,42.400000000000006,7694.0,52998.0,23.912,25.50033,23.18,22.936,41.62425,24.65451,0.0,0.0,731.0
271.0,5.6160000000000005,794.2959999999999,9966.6,0.0,24.13635,47.800000000000004,6080.0,52998.0,23.912,25.51557,22.936,22.936,22.81809,24.65832,0.0,0.0,732.0
274.0,5.7888,807.54,9898.8,0.0,24.14397,47.0,7690.0,52999.0,23.912,25.51176,22.936,23.18,41.69664,24.65832,0.0,0.0,731.0
277.0,5.6592,807.1959999999999,10034.4,0.0,24.14016,55.900000000000006,6090.0,52998.0,23.912,25.51938,23.18,22.936,22.80666,24.66213,0.0,0.0,732.0
280.0,5.356800000000001,807.1959999999999,9966.6,0.0,24.13254,57.400000000000006,7688.0,52999.0,24.156,25.527,22.936,22.936,41.68902,24.65832,0.0,0.0,732.0
283.0,5.9184,807.54,9966.6,0.0,24.14016,53.800000000000004,6093.0,52997.0,24.156,25.53843,22.936,23.18,22.81428,24.66975,0.0,0.0,732.0
286.0,5.832000000000001,798.5959999999999,9966.6,0.0,24.13254,51.1,7689.0,52998.0,24.156,25.54224,23.18,23.18,41.69283,24.66975,0.0,0.0,732.0
289.0,6.091200000000001,798.424,9898.8,0.0,24.14016,53.0,6095.0,52998.0,24.156,25.55367,22.936,23.18,22.81047,24.66594,0.0,0.0,732.0
292.0,6.5232,798.7679999999999,9966.6,0.0,24.15159,53.300000000000004,7697.0,52999.0,24.156,25.54605,22.936,23.18,41.65092,24.66975,0.0,0.0,732.0
295.0,6.566400000000001,812.012,9966.6,0.0,24.17445,52.800000000000004,6091.0,53000.0,24.156,25.56129,22.692,23.18,22.8219,24.67737,0.0,0.0,732.0
298.0,6.696000000000001,789.4799999999999,9966.6,0.0,24.19731,53.2,7687.0,52997.0,23.912,25.5651,22.936,22.936,41.71188,24.66975,0.0,0.0,732.0
301.0,7.300800000000001,789.824,9966.6,0.0,24.24303,52.2,6102.0,52998.0,24.156,25.57653,22.936,23.424,22.8219,24.66975,0.0,0.0,732.0
304.0,7.776000000000001,789.824,9898.8,0.0,24.30399,52.6,7683.0,52999.0,24.156,25.58034,22.692,22.936,41.75379,24.67737,0.0,0.0,732.0
307.0,8.8992,798.7679999999999,9966.6,0.0,24.38019,53.800000000000004,6110.0,52998.0,23.912,25.59177,22.692,23.18,22.82571,24.69261,0.0,0.0,732.0
310.0,11.016,798.7679999999999,10170.0,0.0,24.47163,54.1,7684.0,52999.0,23.912,25.59558,22.936,23.18,41.77284,24.68118,0.0,0.0,732.0
313.0,13.521600000000001,798.9399999999999,10102.199999999999,0.0,24.56307,55.5,6116.0,52998.0,23.912,25.6032,23.18,22.936,22.82952,24.68499,0.0,0.0,732.0
316.0,17.928,807.712,10034.4,0.0,24.66213,56.5,7684.0,52997.0,24.156,25.6032,23.18,23.424,41.74617,24.68499,0.0,0.0,732.0
319.0,21.945600000000002,816.4839999999999,10102.199999999999,0.0,24.78024,57.2,6110.0,52999.0,24.156,25.61082,22.936,22.936,22.82952,24.69642,0.0,0.0,733.0
322.0,23.8896,838.6719999999999,10034.4,0.0,24.88692,58.800000000000004,7683.0,52999.0,24.4,25.614630000000002,22.692,23.18,41.776650000000004,24.69642,0.0,0.0,732.0
325.0,25.488000000000003,847.7879999999999,10102.199999999999,0.0,24.98979,59.6,6121.0,52999.0,23.912,25.614630000000002,22.692,23.18,22.8219,24.70023,0.0,0.0,731.0
328.0,26.568,856.9039999999999,10034.4,0.0,25.07742,61.2,7683.0,52999.0,23.912,25.62606,22.936,23.18,41.78808,24.69261,0.0,0.0,733.0
331.0,27.0864,879.2639999999999,10576.8,0.0,25.18029,62.5,6125.0,52999.0,24.156,25.63749,22.936,23.18,22.84476,24.70023,0.0,0.0,732.0
334.0,27.7344,897.6679999999999,10237.8,0.0,25.26792,63.2,7676.0,52998.0,23.912,25.633680000000002,22.936,23.18,41.82999,24.69642,0.0,0.0,733.0
337.0,27.7344,906.612,10170.0,0.0,25.35936,63.300000000000004,6131.0,52998.0,24.156,25.64511,23.18,23.18,22.82952,24.70023,0.0,0.0,733.0
340.0,27.0,929.1439999999999,10102.199999999999,0.0,25.4508,65.7,7677.0,52998.0,24.156,25.652730000000002,22.692,23.18,41.81094,24.69642,0.0,0.0,732.0
343.0,26.4384,938.2599999999999,10170.0,0.0,25.54224,67.2,6125.0,52998.0,24.156,25.65654,22.936,23.424,22.82571,24.70404,0.0,0.0,733.0
346.0,26.352,960.6199999999999,10170.0,0.0,25.62987,68.4,7683.0,52997.0,24.156,25.65654,22.936,22.936,41.814750000000004,24.70023,0.0,0.0,732.0
349.0,26.6112,969.7359999999999,10237.8,0.0,25.72512,69.0,6132.0,52999.0,24.4,25.671780000000002,23.18,23.18,22.83714,24.70785,0.0,0.0,733.0
352.0,26.4816,978.852,12746.4,0.0,25.82799,68.9,7674.0,52998.0,23.912,25.66416,23.18,23.18,41.85666,24.71166,0.0,0.0,733.0
355.0,25.660800000000002,987.6239999999999,11254.8,0.0,25.99182,44.300000000000004,6135.0,52998.0,23.912,25.690830000000002,23.18,22.936,22.74189,24.71928,0.0,0.0,733.0
358.0,25.272000000000002,987.7959999999999,10509.0,0.0,26.1366,36.0,7694.0,52998.0,24.156,25.68702,23.18,22.936,41.68902,24.71547,0.0,0.0,732.0
361.0,24.9696,987.6239999999999,10237.8,0.0,26.26614,34.800000000000004,6116.0,52998.0,24.156,25.68702,22.936,23.18,22.79142,24.71928,0.0,0.0,732.0
364.0,25.3152,997.084,10034.4,0.0,26.35377,28.700000000000003,7684.0,52999.0,24.156,25.69845,22.936,23.424,41.776650000000004,24.71547,0.0,0.0,732.0
367.0,25.272000000000002,1006.0279999999999,10034.4,0.0,26.44521,25.200000000000003,6134.0,52998.0,24.4,25.70226,22.692,23.18,22.83333,24.72309,0.0,0.0,733.0
370.0,24.0192,1028.388,9966.6,0.0,26.52522,23.400000000000002,7672.0,52998.0,24.156,25.71369,22.936,22.936,41.88333,24.71928,0.0,0.0,733.0
373.0,22.896,1041.8039999999999,9966.6,0.0,26.60523,22.700000000000003,6146.0,52997.0,24.4,25.7175,23.18,23.18,22.85619,24.72309,0.0,0.0,733.0
376.0,22.593600000000002,1050.9199999999998,9898.8,0.0,26.66619,22.400000000000002,7670.0,52997.0,24.156,25.72131,22.692,23.424,41.89857,24.73071,0.0,0.0,733.0
379.0,23.587200000000003,1060.0359999999998,9966.6,0.0,26.72715,22.200000000000003,6145.0,52999.0,24.4,25.73274,22.936,23.424,22.85619,24.71928,0.0,0.0,732.0
382.0,24.192,1060.0359999999998,10034.4,0.0,26.77287,22.200000000000003,7668.0,52998.0,24.4,25.73655,22.936,23.18,41.910000000000004,24.73833,0.0,0.0,732.0
385.0,23.76,1073.452,10034.4,0.0,26.83383,22.1,6154.0,52999.0,24.4,25.728930000000002,22.936,23.18,22.86381,24.73452,0.0,0.0,732.0
388.0,23.3712,1073.7959999999998,9898.8,0.0,26.89479,22.200000000000003,7670.0,52999.0,24.4,25.747980000000002,22.936,23.424,41.90238,24.73071,0.0,0.0,732.0
391.0,23.544,1082.568,9898.8,0.0,26.97099,22.400000000000002,6151.0,52998.0,24.156,25.75179,22.936,23.18,22.85238,24.73833,0.0,0.0,732.0
394.0,23.1552,1082.9119999999998,9966.6,0.0,27.02814,22.1,7669.0,52999.0,24.4,25.75179,23.18,23.424,41.91762,24.73452,0.0,0.0,733.0
397.0,22.723200000000002,1092.028,9966.6,0.0,27.07767,22.0,6159.0,52998.0,24.156,25.7556,22.936,23.424,22.84857,24.73833,0.0,0.0,733.0
400.0,21.384,1105.616,10034.4,0.0,27.1272,22.200000000000003,7667.0,52998.0,23.912,25.77084,22.936,23.18,41.93667,24.73452,0.0,0.0,733.0
403.0,20.822400000000002,1101.3159999999998,10034.4,0.0,27.21102,22.3,6160.0,52999.0,24.4,25.77465,23.18,23.18,22.86381,24.74976,0.0,0.0,733.0
406.0,21.8592,1101.4879999999998,9898.8,0.0,27.27579,22.6,7666.0,52999.0,23.912,25.77465,22.936,22.936,41.93667,24.74976,0.0,0.0,733.0
409.0,22.68,1101.6599999999999,10034.4,0.0,27.32913,22.5,6165.0,52999.0,24.4,25.786080000000002,22.936,23.18,22.87905,24.75357,0.0,0.0,734.0
412.0,23.8032,1123.848,10034.4,0.0,27.37866,22.5,7662.0,52999.0,24.156,25.78227,22.936,23.668,41.98239,24.74976,0.0,0.0,733.0
415.0,23.8032,1119.8919999999998,10034.4,0.0,27.40533,22.6,6170.0,52999.0,24.4,25.7937,22.936,23.18,22.86762,24.74595,0.0,0.0,733.0
418.0,23.5008,1134.168,9966.6,0.0,27.42438,22.8,7668.0,52999.0,24.4,25.79751,23.18,23.18,41.948100000000004,24.74976,0.0,0.0,733.0
421.0,23.76,1134.34,9966.6,0.0,27.41295,22.700000000000003,6164.0,52998.0,24.4,25.80132,23.18,23.424,22.86762,24.75357,0.0,0.0,734.0
424.0,23.4144,1152.572,10034.4,0.0,27.40152,30.200000000000003,7666.0,52997.0,24.156,25.80132,23.18,23.424,41.95191,24.76119,0.0,0.0,733.0
427.0,23.241600000000002,1153.088,9966.6,0.0,27.43581,26.5,6172.0,52999.0,24.4,25.8318,23.18,23.424,22.86381,24.75357,0.0,0.0,733.0
430.0,23.3712,1153.6039999999998,10373.4,0.0,27.4701,24.700000000000003,7662.0,52998.0,24.156,25.82037,22.936,23.18,42.00144,24.76119,0.0,0.0,733.0
433.0,22.9392,1167.192,10237.8,0.0,27.50058,24.200000000000003,6175.0,52999.0,23.912,25.82799,22.936,23.18,22.84095,24.765,0.0,0.0,733.0
436.0,23.0688,1167.7079999999999,10509.0,0.0,27.5463,23.900000000000002,7669.0,52998.0,24.4,25.8318,22.936,23.18,41.93667,24.75738,0.0,0.0,734.0
439.0,23.328000000000003,1167.7079999999999,10441.199999999999,0.0,27.63393,23.8,6166.0,52999.0,24.156,25.83942,22.936,23.424,22.85238,24.76119,0.0,0.0,733.0
442.0,23.1984,1180.0919999999999,10237.8,0.0,27.74061,23.6,7656.0,52999.0,24.4,25.84704,23.18,23.18,42.0243,24.765,0.0,0.0,733.0
445.0,23.1552,1181.6399999999999,10441.199999999999,0.0,27.92349,23.5,6184.0,52998.0,24.4,25.85085,23.18,23.18,22.83714,24.77262,0.0,0.0,732.0
448.0,22.2912,1178.0279999999998,10305.6,0.0,28.106370000000002,23.400000000000002,7669.0,52999.0,24.4,25.86228,22.936,23.18,41.93286,24.76881,0.0,0.0,733.0
451.0,20.088,1175.2759999999998,10034.4,0.0,28.26258,23.400000000000002,6181.0,52998.0,24.156,25.8699,22.936,23.424,22.84476,24.77643,0.0,0.0,733.0
454.0,17.712,1186.972,10170.0,0.0,28.47594,23.3,7670.0,52999.0,24.156,25.86609,23.18,23.424,41.948100000000004,24.77262,0.0,0.0,733.0
457.0,15.2064,1186.456,9966.6,0.0,28.7274,23.3,6180.0,52997.0,24.644,25.87752,22.692,23.424,22.86381,24.77262,0.0,0.0,733.0
460.0,13.176,1204.0,9898.8,0.0,28.92171,23.3,7661.0,52999.0,24.4,25.88133,22.936,23.18,42.02049,24.78405,0.0,0.0,734.0
463.0,11.9664,1217.072,10034.4,0.0,29.09316,23.3,6189.0,53000.0,24.156,25.88895,23.18,22.936,22.87905,24.77643,0.0,0.0,733.0
466.0,10.281600000000001,1235.4759999999999,9966.6,0.0,29.20365,23.3,7654.0,52999.0,24.644,25.89276,22.936,23.424,42.04335,24.77643,0.0,0.0,733.0
469.0,9.072000000000001,1234.9599999999998,9966.6,0.0,29.2227,23.3,6198.0,53000.0,24.644,25.90038,23.18,23.18,22.86381,24.78024,0.0,0.0,734.0
472.0,8.683200000000001,1248.548,9966.6,0.0,29.180790000000002,23.3,7654.0,52999.0,24.644,25.90419,23.18,23.18,42.05859,24.78405,0.0,0.0,733.0
475.0,11.0592,1284.1519999999998,9966.6,0.0,29.12745,23.200000000000003,6200.0,52998.0,24.156,25.91562,23.18,23.424,22.86381,24.78024,0.0,0.0,734.0
478.0,16.5024,1266.608,10034.4,0.0,29.04744,23.200000000000003,7655.0,52998.0,24.4,25.91181,22.936,23.18,42.05478,24.78405,0.0,0.0,733.0
481.0,21.168000000000003,1266.436,9966.6,0.0,28.89885,23.200000000000003,6203.0,53000.0,24.644,25.92705,23.18,23.18,22.86381,24.79167,0.0,0.0,733.0
484.0,24.235200000000003,1279.6799999999998,9966.6,0.0,28.77693,23.3,7660.0,52999.0,24.4,25.91943,23.18,22.936,42.03954,24.78786,0.0,0.0,734.0
487.0,26.2224,1279.6799999999998,10034.4,0.0,28.66644,23.3,6201.0,52998.0,24.644,25.93467,22.936,23.424,22.87905,24.79929,0.0,0.0,734.0
490.0,27.777600000000003,1297.568,10034.4,0.0,28.57881,23.3,7652.0,52998.0,24.644,25.93467,23.18,22.936,42.09288,24.78786,0.0,0.0,734.0
493.0,28.9008,1297.568,9898.8,0.0,28.52166,23.3,6209.0,52997.0,24.4,25.95372,22.936,23.18,22.87143,24.79548,0.0,0.0,734.0
496.0,29.203200000000002,1297.224,9966.6,0.0,28.45689,23.3,7655.0,52999.0,24.644,25.94991,23.18,23.424,42.07383,24.79167,0.0,0.0,734.0
499.0,29.376,1279.5079999999998,9966.6,0.0,28.40355,23.3,6209.0,52998.0,24.4,25.96134,22.936,23.18,22.87143,24.8031,0.0,0.0,733.0
502.0,29.851200000000002,1279.6799999999998,9966.6,0.0,28.36545,23.3,7654.0,52997.0,24.156,25.96134,23.18,23.424,42.07764,24.79548,0.0,0.0,733.0
505.0,28.7712,1279.6799999999998,9966.6,0.0,28.3464,23.3,6211.0,52997.0,24.4,25.97277,22.936,23.424,22.87143,24.79929,0.0,0.0,734.0
508.0,27.0864,1266.608,9966.6,0.0,28.32735,23.3,7650.0,52998.0,24.4,25.96515,23.18,23.424,42.10812,24.8031,0.0,0.0,733.0
511.0,25.8336,1266.264,9966.6,0.0,28.31592,23.400000000000002,6212.0,52999.0,24.4,25.97658,23.18,23.18,22.88286,24.81453,0.0,0.0,734.0
514.0,25.3584,1266.78,10034.4,0.0,28.2702,23.3,7648.0,52997.0,24.156,25.98801,23.424,23.424,42.11955,24.81072,0.0,0.0,733.0
517.0,25.9632,1248.548,9966.6,0.0,28.19019,23.400000000000002,6216.0,52999.0,24.644,25.99182,23.18,23.18,22.87905,24.81453,0.0,0.0,734.0
520.0,27.216,1266.952,9898.8,0.0,28.13304,23.400000000000002,7646.0,52999.0,24.644,25.99563,22.936,23.424,42.11955,24.80691,0.0,0.0,734.0
523.0,27.907200000000003,1266.608,9898.8,0.0,28.0797,23.400000000000002,6221.0,52999.0,24.156,25.99944,22.936,23.424,22.87905,24.82596,0.0,0.0,734.0
526.0,27.0864,1266.608,9966.6,0.0,28.08351,23.3,7650.0,52999.0,24.4,25.99944,23.18,23.18,42.10431,24.81072,0.0,0.0,734.0
529.0,27.0,1248.548,9898.8,0.0,28.07208,23.3,6217.0,52998.0,24.4,26.00706,23.18,23.18,22.88667,24.82596,0.0,0.0,734.0
532.0,27.043200000000002,1248.7199999999998,10034.4,0.0,28.068270000000002,23.3,7644.0,52999.0,24.4,26.00706,23.18,23.18,42.15003,24.82596,0.0,0.0,734.0
535.0,27.950400000000002,1248.7199999999998,9898.8,0.0,28.06446,23.200000000000003,6224.0,52998.0,24.4,26.02992,23.18,23.424,22.89048,24.8412,0.0,0.0,734.0
538.0,28.555200000000003,1248.7199999999998,9898.8,0.0,28.05684,23.200000000000003,7640.0,52999.0,24.887999999999998,26.0223,23.18,23.424,42.18813,24.83358,0.0,0.0,734.0
541.0,27.216,1248.548,10034.4,0.0,28.06446,23.1,6232.0,52998.0,24.4,26.02992,23.424,23.424,22.87524,24.8412,0.0,0.0,733.0
544.0,26.0496,1248.7199999999998,9966.6,0.0,28.10256,23.1,7643.0,52999.0,24.4,26.04135,23.18,23.424,42.14622,24.82977,0.0,0.0,734.0
547.0,25.3152,1248.7199999999998,9966.6,0.0,28.13304,23.200000000000003,6229.0,53000.0,24.644,26.04516,23.18,23.18,22.89048,24.84501,0.0,0.0,734.0
550.0,25.2288,1230.6599999999999,9966.6,0.0,28.15209,23.1,7644.0,52998.0,24.887999999999998,26.05659,23.18,23.18,42.16146,24.84501,0.0,0.0,734.0
553.0,26.7408,1230.8319999999999,10034.4,0.0,28.14828,23.1,6234.0,53000.0,24.644,26.05278,23.424,23.424,22.8981,24.85263,0.0,0.0,734.0
556.0,28.080000000000002,1248.548,9898.8,0.0,28.125420000000002,23.1,7638.0,52997.0,24.4,26.06802,23.18,23.424,42.20337,24.84501,0.0,0.0,734.0
559.0,27.777600000000003,1248.548,10034.4,0.0,28.12161,23.1,6240.0,52997.0,24.644,26.06421,22.936,23.424,22.89048,24.84882,0.0,0.0,734.0
562.0,25.9632,1248.7199999999998,10034.4,0.0,28.1178,23.1,7637.0,52999.0,24.644,26.07183,23.18,23.424,42.21099,24.85263,0.0,0.0,734.0
565.0,24.624000000000002,1248.8919999999998,9898.8,0.0,28.1178,23.1,6239.0,52997.0,24.4,26.07945,23.424,23.424,22.88286,24.85263,0.0,0.0,734.0
568.0,23.3712,1266.952,9966.6,0.0,28.11399,23.1,7648.0,53000.0,24.644,26.07564,22.936,23.18,42.13098,24.85263,0.0,0.0,735.0
571.0,23.3712,1231.004,9966.6,0.0,28.12161,23.1,6235.0,52998.0,24.644,26.07945,22.936,23.18,22.89429,24.84882,0.0,0.0,734.0
574.0,23.457600000000003,1231.176,10034.4,0.0,28.144470000000002,23.1,7634.0,52999.0,24.644,26.08707,23.18,23.424,42.24147,24.86025,0.0,0.0,734.0
577.0,23.846400000000003,1217.76,9898.8,0.0,28.14066,23.200000000000003,6249.0,53000.0,24.4,26.0985,23.18,23.424,22.88667,24.86406,0.0,0.0,734.0
580.0,25.3584,1217.588,9966.6,0.0,28.14828,23.1,7640.0,52999.0,24.4,26.10231,22.936,23.18,42.17289,24.85263,0.0,0.0,734.0
583.0,27.2592,1217.244,9966.6,0.0,28.17876,23.1,6239.0,52999.0,24.4,26.10612,23.18,23.424,22.8981,24.86025,0.0,0.0,734.0
586.0,27.1296,1217.588,10034.4,0.0,28.19019,23.1,7642.0,52999.0,24.4,26.11374,23.18,23.668,42.21099,24.86025,0.0,0.0,735.0
589.0,25.5744,1199.5279999999998,10034.4,0.0,28.19781,23.1,6244.0,52999.0,24.644,26.12136,23.18,23.668,22.90191,24.86787,0.0,0.0,734.0
592.0,24.2784,1200.0439999999999,9898.8,0.0,28.21686,23.1,7638.0,52998.0,24.4,26.11755,22.936,23.424,42.22242,24.87549,0.0,0.0,735.0
595.0,23.716800000000003,1199.8719999999998,9898.8,0.0,28.24734,23.1,6249.0,52998.0,24.4,26.12517,23.424,23.424,22.89048,24.86406,0.0,0.0,734.0
598.0,23.6736,1217.9319999999998,9966.6,0.0,28.25115,23.1,7636.0,52997.0,24.644,26.1366,23.18,23.668,42.23766,24.86787,0.0,0.0,734.0
601.0,24.753600000000002,1199.6999999999998,9966.6,0.0,28.24734,23.1,6252.0,52999.0,24.644,26.14041,23.424,23.18,22.89048,24.88311,0.0,0.0,734.0
604.0,25.704,1199.6999999999998,9966.6,0.0,28.23591,23.200000000000003,7639.0,52999.0,24.887999999999998,26.14041,23.424,23.668,42.21861,24.8793,0.0,0.0,734.0
607.0,25.8336,1199.8719999999998,9966.6,0.0,28.23972,23.200000000000003,6254.0,53000.0,24.887999999999998,26.15946,23.18,23.424,22.88667,24.8793,0.0,0.0,734.0
610.0,25.5744,1217.588,10034.4,0.0,28.25496,23.3,7641.0,52998.0,24.4,26.14803,23.424,23.424,42.21861,24.87549,0.0,0.0,734.0
613.0,26.1792,1222.232,9898.8,0.0,28.27401,23.400000000000002,6254.0,53000.0,24.4,26.15565,22.936,23.668,22.90191,24.88692,0.0,0.0,734.0
616.0,27.172800000000002,1235.648,9898.8,0.0,28.27401,23.400000000000002,7640.0,52998.0,24.887999999999998,26.15565,22.936,23.424,42.23385,24.88311,0.0,0.0,735.0
619.0,28.296000000000003,1222.232,9898.8,0.0,28.24734,23.400000000000002,6260.0,52998.0,24.887999999999998,26.15565,23.424,23.668,22.89048,24.88692,0.0,0.0,734.0
622.0,28.2528,1222.232,9966.6,0.0,28.20924,23.400000000000002,7630.0,52999.0,24.887999999999998,26.17851,23.18,23.18,42.27957,24.88692,0.0,0.0,734.0
625.0,27.648000000000003,1235.648,9966.6,0.0,28.15971,23.400000000000002,6262.0,52998.0,24.887999999999998,26.18232,23.18,23.424,22.89048,24.89073,0.0,0.0,735.0
628.0,27.0864,1217.9319999999998,10034.4,0.0,28.14066,23.5,7635.0,52998.0,24.644,26.18232,23.18,23.424,42.27195,24.89073,0.0,0.0,735.0
631.0,26.265600000000003,1217.76,10034.4,0.0,28.11399,23.5,6266.0,52998.0,24.644,26.19375,23.424,23.668,22.89048,24.89073,0.0,0.0,734.0
634.0,27.302400000000002,1217.9319999999998,10034.4,0.0,28.07208,23.5,7629.0,52998.0,24.4,26.19756,22.936,23.424,42.28719,24.89454,0.0,0.0,735.0
637.0,29.1168,1217.76,10034.4,0.0,28.02636,23.6,6267.0,52999.0,24.887999999999998,26.20137,23.18,23.424,22.89048,24.89454,0.0,0.0,734.0
640.0,29.937600000000003,1199.8719999999998,9898.8,0.0,27.98445,23.6,7633.0,52998.0,24.644,26.2128,23.18,23.424,42.25671,24.89073,0.0,0.0,735.0
643.0,29.8944,1217.588,9966.6,0.0,27.93873,23.6,6268.0,52997.0,24.644,26.20518,23.424,23.18,22.88286,24.90216,0.0,0.0,735.0
646.0,28.5984,1200.216,9966.6,0.0,27.88539,23.6,7636.0,52999.0,24.4,26.20899,22.936,23.424,42.2529,24.89454,0.0,0.0,734.0
649.0,27.3456,1200.0439999999999,9966.6,0.0,27.84348,23.6,6269.0,52997.0,24.644,26.22423,22.936,23.424,22.89048,24.90978,0.0,0.0,735.0
652.0,26.6976,1200.0439999999999,10034.4,0.0,27.83205,23.6,7636.0,52999.0,24.887999999999998,26.22804,23.424,23.424,42.2529,24.89835,0.0,0.0,734.0
655.0,26.006400000000003,1199.8719999999998,9898.8,0.0,27.813,23.6,6267.0,52999.0,24.644,26.23185,23.18,23.18,22.89429,24.91359,0.0,0.0,735.0
658.0,26.784000000000002,1200.216,9898.8,0.0,27.80538,23.6,7626.0,52999.0,24.4,26.23185,23.424,23.18,42.31386,24.91359,0.0,0.0,734.0
661.0,27.302400000000002,1201.2479999999998,9966.6,0.0,27.81681,23.700000000000003,6276.0,52998.0,24.887999999999998,26.2509,23.18,23.668,22.88286,24.90216,0.0,0.0,735.0
664.0,26.6976,1202.9679999999998,9966.6,0.0,27.84348,23.700000000000003,7635.0,52998.0,24.887999999999998,26.24328,23.424,23.424,42.27957,24.90597,0.0,0.0,735.0
667.0,26.0928,1205.032,9898.8,0.0,27.85872,23.700000000000003,6274.0,52999.0,24.887999999999998,26.25852,23.424,23.424,22.88286,24.91359,0.0,0.0,735.0
670.0,25.92,1206.924,9898.8,0.0,27.87015,23.700000000000003,7633.0,52997.0,24.887999999999998,26.25852,23.424,23.424,42.29481,24.91359,0.0,0.0,734.0
673.0,26.006400000000003,1208.3,9966.6,0.0,27.87396,23.700000000000003,6279.0,52998.0,24.644,26.26233,23.424,23.424,22.89048,24.90978,0.0,0.0,735.0
676.0,26.136000000000003,1208.8159999999998,10034.4,0.0,27.87396,23.6,7635.0,52997.0,24.887999999999998,26.26995,23.18,23.668,42.28338,24.90978,0.0,0.0,735.0
679.0,26.654400000000003,1208.8159999999998,9898.8,0.0,27.87396,23.6,6276.0,52997.0,24.644,26.27757,23.424,23.424,22.89429,24.9174,0.0,0.0,735.0
682.0,27.691200000000002,1195.3999999999999,9966.6,0.0,27.86253,23.6,7630.0,52998.0,24.644,26.27757,23.18,23.424,42.29862,24.92121,0.0,0.0,735.0
685.0,27.907200000000003,1195.2279999999998,10034.4,0.0,27.82824,23.6,6280.0,52998.0,24.644,26.28519,22.936,23.668,22.89048,24.92502,0.0,0.0,735.0
688.0,27.432000000000002,1208.9879999999998,9831.0,0.0,27.813,23.5,7629.0,52998.0,24.4,26.29662,23.18,23.668,42.31386,24.91359,0.0,0.0,735.0
691.0,26.784000000000002,1208.9879999999998,10034.4,0.0,27.80538,23.5,6285.0,52999.0,24.887999999999998,26.29662,23.18,23.424,22.88667,24.92502,0.0,0.0,735.0
694.0,25.531200000000002,1209.1599999999999,9898.8,0.0,27.82443,23.5,7634.0,52998.0,24.644,26.29662,23.18,23.424,42.29481,24.92121,0.0,0.0,735.0
697.0,24.5376,1195.2279999999998,9966.6,0.0,27.80919,23.400000000000002,6284.0,52998.0,24.887999999999998,26.30805,23.18,23.668,22.89048,24.92883,0.0,0.0,735.0
700.0,24.9696,1208.9879999999998,9966.6,0.0,27.80538,23.400000000000002,7627.0,52999.0,24.644,26.30805,23.18,23.424,42.32529,24.92502,0.0,0.0,735.0
703.0,25.7904,1195.3999999999999,9966.6,0.0,27.80157,23.400000000000002,6287.0,53000.0,24.887999999999998,26.32329,23.18,23.424,22.90191,24.93645,0.0,0.0,735.0
706.0,26.006400000000003,1195.744,9831.0,0.0,27.79014,23.3,7623.0,52997.0,24.887999999999998,26.32329,22.936,23.668,42.36339,24.93264,0.0,0.0,736.0
709.0,25.272000000000002,1195.2279999999998,9898.8,0.0,27.79014,23.400000000000002,6292.0,52997.0,24.887999999999998,26.32329,23.424,23.424,22.89429,24.92502,0.0,0.0,735.0
712.0,24.5376,1195.744,9966.6,0.0,27.83205,23.5,7630.0,52999.0,24.644,26.3271,23.424,23.424,42.33291,24.92883,0.0,0.0,734.0
715.0,23.8032,1195.572,9966.6,0.0,27.8511,23.5,6294.0,52997.0,24.644,26.33853,23.424,23.424,22.89429,24.93264,0.0,0.0,735.0
718.0,23.976000000000003,1177.856,9966.6,0.0,27.87396,23.5,7624.0,52998.0,24.887999999999998,26.34615,23.424,23.424,42.35958,24.94788,0.0,0.0,736.0
721.0,26.136000000000003,1177.684,9898.8,0.0,27.86253,23.5,6296.0,52998.0,24.887999999999998,26.34996,23.424,23.912,22.88667,24.93645,0.0,0.0,735.0
724.0,28.6416,1164.6119999999999,10034.4,0.0,27.82824,23.6,7623.0,52998.0,24.4,26.35758,23.424,23.424,42.37101,24.94788,0.0,0.0,735.0
727.0,30.2832,1177.856,9966.6,0.0,27.80538,23.6,6301.0,52998.0,24.644,26.36139,23.424,23.424,22.89048,24.94788,0.0,0.0,736.0
730.0,31.0176,1177.856,9966.6,0.0,27.76728,23.6,7623.0,52998.0,24.887999999999998,26.35377,23.424,23.424,42.37863,24.94788,0.0,0.0,735.0
733.0,29.980800000000002,1177.856,9966.6,0.0,27.71013,23.6,6302.0,52998.0,25.131999999999998,26.36901,23.424,23.424,22.89048,24.9555,0.0,0.0,735.0
736.0,29.8944,1182.5,9898.8,0.0,27.67203,23.6,7629.0,52998.0,24.644,26.36901,23.424,23.668,42.34053,24.94788,0.0,0.0,735.0
739.0,29.5056,1164.096,10034.4,0.0,27.63012,23.6,6300.0,52998.0,24.887999999999998,26.37282,23.424,23.424,22.8981,24.95169,0.0,0.0,735.0
742.0,28.512,1200.216,9898.8,0.0,27.58821,23.6,7613.0,52998.0,24.887999999999998,26.38044,22.936,23.668,42.4434,24.94788,0.0,0.0,735.0
745.0,27.864,1177.684,9966.6,0.0,27.55773,23.6,6311.0,52999.0,24.887999999999998,26.39568,23.424,23.424,22.88286,24.95169,0.0,0.0,735.0
748.0,27.0864,1178.1999999999998,10034.4,0.0,27.51963,23.6,7623.0,52998.0,24.644,26.39187,23.424,23.424,42.37101,24.94788,0.0,0.0,735.0
751.0,26.568,1177.512,9898.8,0.0,27.51582,23.5,6306.0,52997.0,24.887999999999998,26.39568,23.18,23.668,22.88667,24.94788,0.0,0.0,736.0
754.0,25.8336,1164.6119999999999,9966.6,0.0,27.52725,23.5,7622.0,52997.0,24.887999999999998,26.39949,23.424,23.668,42.4053,24.95169,0.0,0.0,735.0
757.0,25.272000000000002,1146.3799999999999,9966.6,0.0,27.5844,23.5,6309.0,52997.0,24.644,26.4033,23.424,23.668,22.89429,24.9555,0.0,0.0,735.0
760.0,25.531200000000002,1168.9119999999998,10034.4,0.0,27.61107,23.5,7621.0,52999.0,24.887999999999998,26.40711,23.424,23.668,42.40149,24.96693,0.0,0.0,735.0
763.0,26.395200000000003,1146.3799999999999,9966.6,0.0,27.62631,23.6,6309.0,53001.0,24.887999999999998,26.41854,23.668,23.424,22.88667,24.96693,0.0,0.0,735.0
766.0,26.8704,1146.552,9898.8,0.0,27.68346,23.700000000000003,7613.0,53000.0,25.131999999999998,26.42235,23.424,23.668,42.44721,24.96312,0.0,0.0,735.0
769.0,26.352,1146.3799999999999,9966.6,0.0,27.72537,23.700000000000003,6316.0,52998.0,24.644,26.42235,23.668,23.424,22.88286,24.96693,0.0,0.0,735.0
772.0,25.8336,1146.896,9966.6,0.0,27.75585,23.700000000000003,7623.0,52997.0,24.887999999999998,26.43378,23.424,23.18,42.4053,24.96693,0.0,0.0,735.0
775.0,25.747200000000003,1146.724,9898.8,0.0,27.77871,23.700000000000003,6317.0,52997.0,24.887999999999998,26.43378,23.424,23.668,22.87143,24.97836,0.0,0.0,736.0
778.0,27.172800000000002,1146.552,9966.6,0.0,27.79395,23.700000000000003,7621.0,52997.0,24.644,26.4414,23.18,23.668,42.40911,24.97074,0.0,0.0,736.0
781.0,26.265600000000003,1146.3799999999999,9966.6,0.0,27.80919,23.700000000000003,6314.0,52999.0,24.887999999999998,26.45283,23.18,23.424,22.89048,24.97074,0.0,0.0,736.0
784.0,25.9632,1164.6119999999999,9898.8,0.0,27.82443,23.700000000000003,7620.0,52999.0,25.131999999999998,26.45283,23.424,23.668,42.41292,24.97455,0.0,0.0,736.0
787.0,26.568,1164.4399999999998,9966.6,0.0,27.84729,23.8,6316.0,52998.0,24.644,26.46045,23.18,23.424,22.87143,24.98598,0.0,0.0,735.0
790.0,27.432000000000002,1182.328,9966.6,0.0,27.84729,23.8,7617.0,52999.0,24.887999999999998,26.46807,23.18,23.668,42.39768,24.97836,0.0,0.0,735.0
793.0,28.3824,1182.328,9966.6,0.0,27.84729,23.8,6318.0,52998.0,25.131999999999998,26.46807,23.668,23.668,22.90191,24.98979,0.0,0.0,735.0
796.0,28.425600000000003,1182.5,9966.6,0.0,27.83205,23.8,7617.0,52999.0,24.644,26.47188,23.18,23.668,42.43197,24.98598,0.0,0.0,736.0
799.0,27.820800000000002,1195.916,9966.6,0.0,27.83205,23.8,6322.0,52999.0,24.887999999999998,26.48331,23.424,23.18,22.88667,24.98979,0.0,0.0,736.0
802.0,26.568,1178.1999999999998,10034.4,0.0,27.83967,23.8,7621.0,52999.0,24.644,26.4795,23.18,23.668,42.41673,24.98217,0.0,0.0,736.0
805.0,24.5808,1177.856,9898.8,0.0,27.87015,23.900000000000002,6319.0,52997.0,24.644,26.49093,23.668,23.668,22.8981,24.98217,0.0,0.0,736.0
808.0,24.2784,1178.1999999999998,9898.8,0.0,27.88539,23.8,7609.0,52997.0,24.887999999999998,26.48331,23.18,23.668,42.47388,24.98598,0.0,0.0,736.0
811.0,25.401600000000002,1178.1999999999998,10034.4,0.0,27.8892,23.700000000000003,6328.0,52997.0,25.131999999999998,26.50236,23.18,23.668,22.87905,24.98979,0.0,0.0,735.0
814.0,25.92,1178.1999999999998,9966.6,0.0,27.90825,23.5,7623.0,52998.0,25.131999999999998,26.49093,23.424,23.424,42.4053,24.98979,0.0,0.0,736.0
817.0,26.0496,1178.0279999999998,10034.4,0.0,27.91587,23.400000000000002,6322.0,52999.0,25.131999999999998,26.51379,23.668,23.424,22.89048,24.9936,0.0,0.0,736.0
820.0,26.1792,1178.1999999999998,9898.8,0.0,27.93492,23.400000000000002,7611.0,52998.0,24.644,26.50998,23.18,23.424,42.46245,24.98598,0.0,0.0,735.0
823.0,25.9632,1196.088,9966.6,0.0,27.95016,23.400000000000002,6329.0,52998.0,24.887999999999998,26.50998,23.18,23.668,22.89048,24.9936,0.0,0.0,735.0
826.0,25.012800000000002,1182.8439999999998,9898.8,0.0,27.95778,23.400000000000002,7607.0,52998.0,24.887999999999998,26.51379,23.18,23.668,42.50817,25.00503,0.0,0.0,735.0
829.0,23.8032,1183.0159999999998,9898.8,0.0,27.98064,23.400000000000002,6336.0,52998.0,24.887999999999998,26.5176,23.424,23.668,22.87524,24.99741,0.0,0.0,736.0
832.0,23.5008,1196.432,9898.8,0.0,27.992070000000002,23.3,7618.0,52999.0,24.887999999999998,26.52903,23.18,23.668,42.42435,24.99741,0.0,0.0,735.0
835.0,23.76,1182.8439999999998,9898.8,0.0,27.992070000000002,23.200000000000003,6333.0,52998.0,25.131999999999998,26.52903,23.18,23.424,22.87143,25.00884,0.0,0.0,736.0
838.0,24.84,1183.1879999999999,9831.0,0.0,27.98826,23.200000000000003,7612.0,52998.0,24.887999999999998,26.54046,23.424,23.668,42.45864,25.00122,0.0,0.0,736.0
841.0,24.883200000000002,1165.128,9898.8,0.0,27.96921,23.3,6337.0,52998.0,24.644,26.54808,23.18,23.424,22.87524,25.00503,0.0,0.0,735.0
844.0,23.6736,1178.888,9898.8,0.0,27.98064,23.3,7618.0,52999.0,24.887999999999998,26.54427,23.18,23.424,42.44721,25.00122,0.0,0.0,735.0
847.0,22.7664,1183.532,9898.8,0.0,27.97683,23.3,6338.0,52999.0,25.131999999999998,26.54808,23.424,23.668,22.87905,25.00122,0.0,0.0,735.0
850.0,21.9888,1183.704,9966.6,0.0,27.97683,23.200000000000003,7612.0,52998.0,24.887999999999998,26.54427,23.424,23.668,42.47007,24.99741,0.0,0.0,736.0
853.0,21.2544,1165.8159999999998,9898.8,0.0,27.98826,23.3,6339.0,53000.0,25.131999999999998,26.55951,23.18,23.424,22.87905,25.00884,0.0,0.0,736.0
856.0,21.4704,1148.1,9966.6,0.0,27.9654,23.3,7615.0,52998.0,25.131999999999998,26.56332,23.18,23.424,42.46626,25.00884,0.0,0.0,737.0
859.0,21.9888,1148.616,9898.8,0.0,27.95778,23.3,6339.0,52999.0,24.887999999999998,26.57094,23.424,23.668,22.88667,25.00884,0.0,0.0,736.0
862.0,22.593600000000002,1135.5439999999999,10034.4,0.0,27.95397,23.200000000000003,7614.0,52999.0,24.887999999999998,26.56713,23.668,23.668,42.4815,25.01265,0.0,0.0,737.0
865.0,23.1552,1135.888,9966.6,0.0,27.90825,23.200000000000003,6338.0,52998.0,24.887999999999998,26.57856,23.18,23.912,22.88667,25.00884,0.0,0.0,736.0
868.0,23.8896,1154.12,9966.6,0.0,27.90063,23.1,7611.0,52998.0,24.887999999999998,26.58237,23.424,23.424,42.49674,25.00884,0.0,0.0,736.0
871.0,23.6304,1154.464,9966.6,0.0,27.88158,23.1,6345.0,52997.0,24.644,26.58237,23.424,23.668,22.89429,25.01265,0.0,0.0,736.0
874.0,23.1552,1137.436,10034.4,0.0,27.87015,23.0,7610.0,52999.0,24.887999999999998,26.58237,23.424,23.424,42.5196,25.00884,0.0,0.0,737.0
877.0,21.945600000000002,1155.3239999999998,9966.6,0.0,27.86253,23.1,6348.0,53000.0,25.131999999999998,26.5938,23.424,23.668,22.89429,25.02027,0.0,0.0,737.0
880.0,20.952,1118.1719999999998,9898.8,0.0,27.86634,23.200000000000003,7609.0,52998.0,24.887999999999998,26.59761,23.668,23.424,42.51198,25.01265,0.0,0.0,736.0
883.0,20.736,1116.108,9898.8,0.0,27.8511,23.200000000000003,6349.0,52998.0,25.131999999999998,26.59761,23.668,23.424,22.88667,25.01265,0.0,0.0,736.0
886.0,20.9088,1099.7679999999998,10034.4,0.0,27.82824,23.200000000000003,7610.0,52998.0,24.887999999999998,26.5938,23.424,23.424,42.51579,25.01646,0.0,0.0,736.0
889.0,21.2544,1114.216,9966.6,0.0,27.813,23.3,6355.0,52999.0,24.887999999999998,26.60142,23.18,23.668,22.87524,25.02027,0.0,0.0,735.0
892.0,20.7792,1125.74,9966.6,0.0,27.79395,23.400000000000002,7611.0,52997.0,25.131999999999998,26.60523,23.424,23.668,42.50436,25.01646,0.0,0.0,736.0
895.0,20.3472,1124.8799999999999,9966.6,0.0,27.77871,23.5,6353.0,52999.0,24.887999999999998,26.61285,23.424,23.668,22.89048,25.02789,0.0,0.0,737.0
898.0,20.3904,1110.7759999999998,9898.8,0.0,27.7368,23.5,7606.0,52998.0,25.375999999999998,26.62047,23.18,23.668,42.53484,25.02027,0.0,0.0,737.0
901.0,20.563200000000002,1110.088,9966.6,0.0,27.66441,23.5,6357.0,52999.0,24.887999999999998,26.62428,23.912,23.668,22.87524,25.02789,0.0,0.0,736.0
904.0,20.9952,1092.5439999999999,9898.8,0.0,27.56916,23.6,7612.0,52998.0,25.131999999999998,26.62047,23.668,23.424,42.49674,25.02408,0.0,0.0,736.0
907.0,19.7424,1083.2559999999999,9966.6,0.0,27.46629,23.6,6351.0,52999.0,24.887999999999998,26.63571,23.18,23.668,22.89048,25.0317,0.0,0.0,736.0
910.0,17.884800000000002,1092.5439999999999,10102.199999999999,0.0,27.34056,23.6,7599.0,52998.0,25.131999999999998,26.64333,23.424,23.668,42.5577,25.02408,0.0,0.0,736.0
913.0,15.249600000000001,1083.2559999999999,10170.0,0.0,27.21102,23.6,6360.0,52998.0,24.887999999999998,26.64333,23.424,23.668,22.87524,25.02789,0.0,0.0,736.0
916.0,13.132800000000001,1083.4279999999999,10102.199999999999,0.0,27.0891,23.6,7614.0,52998.0,25.131999999999998,26.64333,23.424,23.424,42.51198,25.02789,0.0,0.0,736.0
919.0,11.5776,1074.312,10034.4,0.0,26.955750000000002,23.5,6355.0,52999.0,25.131999999999998,26.64714,23.668,23.424,22.87905,25.02789,0.0,0.0,736.0
922.0,9.3744,1065.54,10034.4,0.0,26.822400000000002,23.400000000000002,7602.0,52998.0,24.887999999999998,26.65095,23.668,23.668,42.57675,25.02408,0.0,0.0,736.0
925.0,8.1648,1051.608,9966.6,0.0,26.69286,23.400000000000002,6371.0,53000.0,24.887999999999998,26.65476,23.668,23.424,22.86,25.0317,0.0,0.0,736.0
928.0,7.2144,1042.664,9966.6,0.0,26.56332,23.400000000000002,7609.0,52998.0,25.131999999999998,26.65857,23.18,23.668,42.53103,25.02408,0.0,0.0,737.0
